data,mes,grupo,variavel,valor,tabela
1994-01-01,199401,1.Alimentação e bebidas,IPCA - Variação mensal,46.8,58
1994-02-01,199402,1.Alimentação e bebidas,IPCA - Variação mensal,40.4,58
1994-03-01,199403,1.Alimentação e bebidas,IPCA - Variação mensal,44.26,58
1994-04-01,199404,1.Alimentação e bebidas,IPCA - Variação mensal,43.19,58
1994-05-01,199405,1.Alimentação e bebidas,IPCA - Variação mensal,40.21,58
1994-06-01,199406,1.Alimentação e bebidas,IPCA - Variação mensal,52.15,58
1994-07-01,199407,1.Alimentação e bebidas,IPCA - Variação mensal,10.03,58
1994-08-01,199408,1.Alimentação e bebidas,IPCA - Variação mensal,1.45,58
1994-09-01,199409,1.Alimentação e bebidas,IPCA - Variação mensal,0.13,58
1994-10-01,199410,1.Alimentação e bebidas,IPCA - Variação mensal,4.79,58
1994-11-01,199411,1.Alimentação e bebidas,IPCA - Variação mensal,4.65,58
1994-12-01,199412,1.Alimentação e bebidas,IPCA - Variação mensal,0.96,58
1995-01-01,199501,1.Alimentação e bebidas,IPCA - Variação mensal,0.73,58
1995-02-01,199502,1.Alimentação e bebidas,IPCA - Variação mensal,-0.06,58
1995-03-01,199503,1.Alimentação e bebidas,IPCA - Variação mensal,1.44,58
1995-04-01,199504,1.Alimentação e bebidas,IPCA - Variação mensal,1.99,58
1995-05-01,199505,1.Alimentação e bebidas,IPCA - Variação mensal,0.51,58
1995-06-01,199506,1.Alimentação e bebidas,IPCA - Variação mensal,-0.25,58
1995-07-01,199507,1.Alimentação e bebidas,IPCA - Variação mensal,0.98,58
1995-08-01,199508,1.Alimentação e bebidas,IPCA - Variação mensal,0.57,58
1995-09-01,199509,1.Alimentação e bebidas,IPCA - Variação mensal,-0.03,58
1995-10-01,199510,1.Alimentação e bebidas,IPCA - Variação mensal,0.32,58
1995-11-01,199511,1.Alimentação e bebidas,IPCA - Variação mensal,1.07,58
1995-12-01,199512,1.Alimentação e bebidas,IPCA - Variação mensal,0.86,58
1996-01-01,199601,1.Alimentação e bebidas,IPCA - Variação mensal,1.28,58
1996-02-01,199602,1.Alimentação e bebidas,IPCA - Variação mensal,0.11,58
1996-03-01,199603,1.Alimentação e bebidas,IPCA - Variação mensal,-0.02,58
1996-04-01,199604,1.Alimentação e bebidas,IPCA - Variação mensal,0.5,58
1996-05-01,199605,1.Alimentação e bebidas,IPCA - Variação mensal,0.67,58
1996-06-01,199606,1.Alimentação e bebidas,IPCA - Variação mensal,0.67,58
1996-07-01,199607,1.Alimentação e bebidas,IPCA - Variação mensal,0.52,58
1996-08-01,199608,1.Alimentação e bebidas,IPCA - Variação mensal,-0.68,58
1996-09-01,199609,1.Alimentação e bebidas,IPCA - Variação mensal,-0.58,58
1996-10-01,199610,1.Alimentação e bebidas,IPCA - Variação mensal,0.11,58
1996-11-01,199611,1.Alimentação e bebidas,IPCA - Variação mensal,-0.37,58
1996-12-01,199612,1.Alimentação e bebidas,IPCA - Variação mensal,-0.48,58
1997-01-01,199701,1.Alimentação e bebidas,IPCA - Variação mensal,0.97,58
1997-02-01,199702,1.Alimentação e bebidas,IPCA - Variação mensal,0.72,58
1997-03-01,199703,1.Alimentação e bebidas,IPCA - Variação mensal,1.22,58
1997-04-01,199704,1.Alimentação e bebidas,IPCA - Variação mensal,-0.16,58
1997-05-01,199705,1.Alimentação e bebidas,IPCA - Variação mensal,-0.92,58
1997-06-01,199706,1.Alimentação e bebidas,IPCA - Variação mensal,-0.34,58
1997-07-01,199707,1.Alimentação e bebidas,IPCA - Variação mensal,-0.52,58
1997-08-01,199708,1.Alimentação e bebidas,IPCA - Variação mensal,-0.57,58
1997-09-01,199709,1.Alimentação e bebidas,IPCA - Variação mensal,-0.21,58
1997-10-01,199710,1.Alimentação e bebidas,IPCA - Variação mensal,0.27,58
1997-11-01,199711,1.Alimentação e bebidas,IPCA - Variação mensal,0.17,58
1997-12-01,199712,1.Alimentação e bebidas,IPCA - Variação mensal,0.59,58
1998-01-01,199801,1.Alimentação e bebidas,IPCA - Variação mensal,1.24,58
1998-02-01,199802,1.Alimentação e bebidas,IPCA - Variação mensal,0.62,58
1998-03-01,199803,1.Alimentação e bebidas,IPCA - Variação mensal,0.79,58
1998-04-01,199804,1.Alimentação e bebidas,IPCA - Variação mensal,0.85,58
1998-05-01,199805,1.Alimentação e bebidas,IPCA - Variação mensal,1.38,58
1998-06-01,199806,1.Alimentação e bebidas,IPCA - Variação mensal,0.13,58
1998-07-01,199807,1.Alimentação e bebidas,IPCA - Variação mensal,-0.99,58
1998-08-01,199808,1.Alimentação e bebidas,IPCA - Variação mensal,-1.2,58
1998-09-01,199809,1.Alimentação e bebidas,IPCA - Variação mensal,-0.47,58
1998-10-01,199810,1.Alimentação e bebidas,IPCA - Variação mensal,-0.02,58
1998-11-01,199811,1.Alimentação e bebidas,IPCA - Variação mensal,-0.46,58
1998-12-01,199812,1.Alimentação e bebidas,IPCA - Variação mensal,0.1,58
1999-01-01,199901,1.Alimentação e bebidas,IPCA - Variação mensal,0.9,58
1999-02-01,199902,1.Alimentação e bebidas,IPCA - Variação mensal,2.71,58
1999-03-01,199903,1.Alimentação e bebidas,IPCA - Variação mensal,2.01,58
1999-04-01,199904,1.Alimentação e bebidas,IPCA - Variação mensal,-0.23,58
1999-05-01,199905,1.Alimentação e bebidas,IPCA - Variação mensal,-0.95,58
1999-06-01,199906,1.Alimentação e bebidas,IPCA - Variação mensal,-1.28,58
1999-07-01,199907,1.Alimentação e bebidas,IPCA - Variação mensal,-0.24,58
1999-08-01,199908,1.Alimentação e bebidas,IPCA - Variação mensal,0.13,655
1999-09-01,199909,1.Alimentação e bebidas,IPCA - Variação mensal,0.34,655
1999-10-01,199910,1.Alimentação e bebidas,IPCA - Variação mensal,1.77,655
1999-11-01,199911,1.Alimentação e bebidas,IPCA - Variação mensal,1.35,655
1999-12-01,199912,1.Alimentação e bebidas,IPCA - Variação mensal,1.41,655
2000-01-01,200001,1.Alimentação e bebidas,IPCA - Variação mensal,0.84,655
2000-02-01,200002,1.Alimentação e bebidas,IPCA - Variação mensal,-0.25,655
2000-03-01,200003,1.Alimentação e bebidas,IPCA - Variação mensal,-0.46,655
2000-04-01,200004,1.Alimentação e bebidas,IPCA - Variação mensal,-0.36,655
2000-05-01,200005,1.Alimentação e bebidas,IPCA - Variação mensal,-0.67,655
2000-06-01,200006,1.Alimentação e bebidas,IPCA - Variação mensal,0.11,655
2000-07-01,200007,1.Alimentação e bebidas,IPCA - Variação mensal,1.78,655
2000-08-01,200008,1.Alimentação e bebidas,IPCA - Variação mensal,2.07,655
2000-09-01,200009,1.Alimentação e bebidas,IPCA - Variação mensal,0.53,655
2000-10-01,200010,1.Alimentação e bebidas,IPCA - Variação mensal,0.16,655
2000-11-01,200011,1.Alimentação e bebidas,IPCA - Variação mensal,-0.07,655
2000-12-01,200012,1.Alimentação e bebidas,IPCA - Variação mensal,-0.48,655
2001-01-01,200101,1.Alimentação e bebidas,IPCA - Variação mensal,0.63,655
2001-02-01,200102,1.Alimentação e bebidas,IPCA - Variação mensal,0.05,655
2001-03-01,200103,1.Alimentação e bebidas,IPCA - Variação mensal,1.17,655
2001-04-01,200104,1.Alimentação e bebidas,IPCA - Variação mensal,1.8,655
2001-05-01,200105,1.Alimentação e bebidas,IPCA - Variação mensal,0.58,655
2001-06-01,200106,1.Alimentação e bebidas,IPCA - Variação mensal,0.1,655
2001-07-01,200107,1.Alimentação e bebidas,IPCA - Variação mensal,0.67,655
2001-08-01,200108,1.Alimentação e bebidas,IPCA - Variação mensal,0.83,655
2001-09-01,200109,1.Alimentação e bebidas,IPCA - Variação mensal,0.39,655
2001-10-01,200110,1.Alimentação e bebidas,IPCA - Variação mensal,1.15,655
2001-11-01,200111,1.Alimentação e bebidas,IPCA - Variação mensal,1.31,655
2001-12-01,200112,1.Alimentação e bebidas,IPCA - Variação mensal,0.56,655
2002-01-01,200201,1.Alimentação e bebidas,IPCA - Variação mensal,0.85,655
2002-02-01,200202,1.Alimentação e bebidas,IPCA - Variação mensal,0.2,655
2002-03-01,200203,1.Alimentação e bebidas,IPCA - Variação mensal,0.39,655
2002-04-01,200204,1.Alimentação e bebidas,IPCA - Variação mensal,-0.32,655
2002-05-01,200205,1.Alimentação e bebidas,IPCA - Variação mensal,-0.59,655
2002-06-01,200206,1.Alimentação e bebidas,IPCA - Variação mensal,0.08,655
2002-07-01,200207,1.Alimentação e bebidas,IPCA - Variação mensal,1.05,655
2002-08-01,200208,1.Alimentação e bebidas,IPCA - Variação mensal,1.94,655
2002-09-01,200209,1.Alimentação e bebidas,IPCA - Variação mensal,1.96,655
2002-10-01,200210,1.Alimentação e bebidas,IPCA - Variação mensal,2.79,655
2002-11-01,200211,1.Alimentação e bebidas,IPCA - Variação mensal,5.85,655
2002-12-01,200212,1.Alimentação e bebidas,IPCA - Variação mensal,3.91,655
2003-01-01,200301,1.Alimentação e bebidas,IPCA - Variação mensal,2.15,655
2003-02-01,200302,1.Alimentação e bebidas,IPCA - Variação mensal,1.22,655
2003-03-01,200303,1.Alimentação e bebidas,IPCA - Variação mensal,1.66,655
2003-04-01,200304,1.Alimentação e bebidas,IPCA - Variação mensal,1.01,655
2003-05-01,200305,1.Alimentação e bebidas,IPCA - Variação mensal,0.63,655
2003-06-01,200306,1.Alimentação e bebidas,IPCA - Variação mensal,-0.34,655
2003-07-01,200307,1.Alimentação e bebidas,IPCA - Variação mensal,-0.67,655
2003-08-01,200308,1.Alimentação e bebidas,IPCA - Variação mensal,-0.27,655
2003-09-01,200309,1.Alimentação e bebidas,IPCA - Variação mensal,0.78,655
2003-10-01,200310,1.Alimentação e bebidas,IPCA - Variação mensal,0.46,655
2003-11-01,200311,1.Alimentação e bebidas,IPCA - Variação mensal,0.25,655
2003-12-01,200312,1.Alimentação e bebidas,IPCA - Variação mensal,0.39,655
2004-01-01,200401,1.Alimentação e bebidas,IPCA - Variação mensal,0.88,655
2004-02-01,200402,1.Alimentação e bebidas,IPCA - Variação mensal,0.15,655
2004-03-01,200403,1.Alimentação e bebidas,IPCA - Variação mensal,0.43,655
2004-04-01,200404,1.Alimentação e bebidas,IPCA - Variação mensal,-0.34,655
2004-05-01,200405,1.Alimentação e bebidas,IPCA - Variação mensal,0.23,655
2004-06-01,200406,1.Alimentação e bebidas,IPCA - Variação mensal,0.72,655
2004-07-01,200407,1.Alimentação e bebidas,IPCA - Variação mensal,0.67,655
2004-08-01,200408,1.Alimentação e bebidas,IPCA - Variação mensal,0.85,655
2004-09-01,200409,1.Alimentação e bebidas,IPCA - Variação mensal,-0.19,655
2004-10-01,200410,1.Alimentação e bebidas,IPCA - Variação mensal,-0.23,655
2004-11-01,200411,1.Alimentação e bebidas,IPCA - Variação mensal,-0.01,655
2004-12-01,200412,1.Alimentação e bebidas,IPCA - Variação mensal,0.65,655
2005-01-01,200501,1.Alimentação e bebidas,IPCA - Variação mensal,0.78,655
2005-02-01,200502,1.Alimentação e bebidas,IPCA - Variação mensal,0.49,655
2005-03-01,200503,1.Alimentação e bebidas,IPCA - Variação mensal,0.26,655
2005-04-01,200504,1.Alimentação e bebidas,IPCA - Variação mensal,0.81,655
2005-05-01,200505,1.Alimentação e bebidas,IPCA - Variação mensal,0.65,655
2005-06-01,200506,1.Alimentação e bebidas,IPCA - Variação mensal,-0.67,655
2005-07-01,200507,1.Alimentação e bebidas,IPCA - Variação mensal,-0.77,655
2005-08-01,200508,1.Alimentação e bebidas,IPCA - Variação mensal,-0.73,655
2005-09-01,200509,1.Alimentação e bebidas,IPCA - Variação mensal,-0.25,655
2005-10-01,200510,1.Alimentação e bebidas,IPCA - Variação mensal,0.27,655
2005-11-01,200511,1.Alimentação e bebidas,IPCA - Variação mensal,0.88,655
2005-12-01,200512,1.Alimentação e bebidas,IPCA - Variação mensal,0.27,655
2006-01-01,200601,1.Alimentação e bebidas,IPCA - Variação mensal,0.11,655
2006-02-01,200602,1.Alimentação e bebidas,IPCA - Variação mensal,-0.28,655
2006-03-01,200603,1.Alimentação e bebidas,IPCA - Variação mensal,-0.24,655
2006-04-01,200604,1.Alimentação e bebidas,IPCA - Variação mensal,-0.27,655
2006-05-01,200605,1.Alimentação e bebidas,IPCA - Variação mensal,-0.03,655
2006-06-01,200606,1.Alimentação e bebidas,IPCA - Variação mensal,-0.61,655
2006-07-01,200607,1.Alimentação e bebidas,IPCA - Variação mensal,0.09,2938
2006-08-01,200608,1.Alimentação e bebidas,IPCA - Variação mensal,0.07,2938
2006-09-01,200609,1.Alimentação e bebidas,IPCA - Variação mensal,0.08,2938
2006-10-01,200610,1.Alimentação e bebidas,IPCA - Variação mensal,0.88,2938
2006-11-01,200611,1.Alimentação e bebidas,IPCA - Variação mensal,1.05,2938
2006-12-01,200612,1.Alimentação e bebidas,IPCA - Variação mensal,0.39,2938
2007-01-01,200701,1.Alimentação e bebidas,IPCA - Variação mensal,0.84,2938
2007-02-01,200702,1.Alimentação e bebidas,IPCA - Variação mensal,0.78,2938
2007-03-01,200703,1.Alimentação e bebidas,IPCA - Variação mensal,0.98,2938
2007-04-01,200704,1.Alimentação e bebidas,IPCA - Variação mensal,0.03,2938
2007-05-01,200705,1.Alimentação e bebidas,IPCA - Variação mensal,0.16,2938
2007-06-01,200706,1.Alimentação e bebidas,IPCA - Variação mensal,1.09,2938
2007-07-01,200707,1.Alimentação e bebidas,IPCA - Variação mensal,1.27,2938
2007-08-01,200708,1.Alimentação e bebidas,IPCA - Variação mensal,1.39,2938
2007-09-01,200709,1.Alimentação e bebidas,IPCA - Variação mensal,0.44,2938
2007-10-01,200710,1.Alimentação e bebidas,IPCA - Variação mensal,0.52,2938
2007-11-01,200711,1.Alimentação e bebidas,IPCA - Variação mensal,0.73,2938
2007-12-01,200712,1.Alimentação e bebidas,IPCA - Variação mensal,2.06,2938
2008-01-01,200801,1.Alimentação e bebidas,IPCA - Variação mensal,1.52,2938
2008-02-01,200802,1.Alimentação e bebidas,IPCA - Variação mensal,0.6,2938
2008-03-01,200803,1.Alimentação e bebidas,IPCA - Variação mensal,0.89,2938
2008-04-01,200804,1.Alimentação e bebidas,IPCA - Variação mensal,1.29,2938
2008-05-01,200805,1.Alimentação e bebidas,IPCA - Variação mensal,1.95,2938
2008-06-01,200806,1.Alimentação e bebidas,IPCA - Variação mensal,2.11,2938
2008-07-01,200807,1.Alimentação e bebidas,IPCA - Variação mensal,1.05,2938
2008-08-01,200808,1.Alimentação e bebidas,IPCA - Variação mensal,-0.18,2938
2008-09-01,200809,1.Alimentação e bebidas,IPCA - Variação mensal,-0.27,2938
2008-10-01,200810,1.Alimentação e bebidas,IPCA - Variação mensal,0.69,2938
2008-11-01,200811,1.Alimentação e bebidas,IPCA - Variação mensal,0.61,2938
2008-12-01,200812,1.Alimentação e bebidas,IPCA - Variação mensal,0.36,2938
2009-01-01,200901,1.Alimentação e bebidas,IPCA - Variação mensal,0.75,2938
2009-02-01,200902,1.Alimentação e bebidas,IPCA - Variação mensal,0.27,2938
2009-03-01,200903,1.Alimentação e bebidas,IPCA - Variação mensal,0.3,2938
2009-04-01,200904,1.Alimentação e bebidas,IPCA - Variação mensal,0.15,2938
2009-05-01,200905,1.Alimentação e bebidas,IPCA - Variação mensal,0.44,2938
2009-06-01,200906,1.Alimentação e bebidas,IPCA - Variação mensal,0.7,2938
2009-07-01,200907,1.Alimentação e bebidas,IPCA - Variação mensal,-0.06,2938
2009-08-01,200908,1.Alimentação e bebidas,IPCA - Variação mensal,-0.01,2938
2009-09-01,200909,1.Alimentação e bebidas,IPCA - Variação mensal,-0.14,2938
2009-10-01,200910,1.Alimentação e bebidas,IPCA - Variação mensal,-0.09,2938
2009-11-01,200911,1.Alimentação e bebidas,IPCA - Variação mensal,0.58,2938
2009-12-01,200912,1.Alimentação e bebidas,IPCA - Variação mensal,0.24,2938
2010-01-01,201001,1.Alimentação e bebidas,IPCA - Variação mensal,1.13,2938
2010-02-01,201002,1.Alimentação e bebidas,IPCA - Variação mensal,0.96,2938
2010-03-01,201003,1.Alimentação e bebidas,IPCA - Variação mensal,1.55,2938
2010-04-01,201004,1.Alimentação e bebidas,IPCA - Variação mensal,1.45,2938
2010-05-01,201005,1.Alimentação e bebidas,IPCA - Variação mensal,0.28,2938
2010-06-01,201006,1.Alimentação e bebidas,IPCA - Variação mensal,-0.9,2938
2010-07-01,201007,1.Alimentação e bebidas,IPCA - Variação mensal,-0.76,2938
2010-08-01,201008,1.Alimentação e bebidas,IPCA - Variação mensal,-0.24,2938
2010-09-01,201009,1.Alimentação e bebidas,IPCA - Variação mensal,1.08,2938
2010-10-01,201010,1.Alimentação e bebidas,IPCA - Variação mensal,1.89,2938
2010-11-01,201011,1.Alimentação e bebidas,IPCA - Variação mensal,2.22,2938
2010-12-01,201012,1.Alimentação e bebidas,IPCA - Variação mensal,1.32,2938
2011-01-01,201101,1.Alimentação e bebidas,IPCA - Variação mensal,1.16,2938
2011-02-01,201102,1.Alimentação e bebidas,IPCA - Variação mensal,0.23,2938
2011-03-01,201103,1.Alimentação e bebidas,IPCA - Variação mensal,0.75,2938
2011-04-01,201104,1.Alimentação e bebidas,IPCA - Variação mensal,0.58,2938
2011-05-01,201105,1.Alimentação e bebidas,IPCA - Variação mensal,0.63,2938
2011-06-01,201106,1.Alimentação e bebidas,IPCA - Variação mensal,-0.26,2938
2011-07-01,201107,1.Alimentação e bebidas,IPCA - Variação mensal,-0.34,2938
2011-08-01,201108,1.Alimentação e bebidas,IPCA - Variação mensal,0.72,2938
2011-09-01,201109,1.Alimentação e bebidas,IPCA - Variação mensal,0.64,2938
2011-10-01,201110,1.Alimentação e bebidas,IPCA - Variação mensal,0.56,2938
2011-11-01,201111,1.Alimentação e bebidas,IPCA - Variação mensal,1.08,2938
2011-12-01,201112,1.Alimentação e bebidas,IPCA - Variação mensal,1.23,2938
2012-01-01,201201,1.Alimentação e bebidas,IPCA - Variação mensal,0.86,1419
2012-02-01,201202,1.Alimentação e bebidas,IPCA - Variação mensal,0.19,1419
2012-03-01,201203,1.Alimentação e bebidas,IPCA - Variação mensal,0.25,1419
2012-04-01,201204,1.Alimentação e bebidas,IPCA - Variação mensal,0.51,1419
2012-05-01,201205,1.Alimentação e bebidas,IPCA - Variação mensal,0.73,1419
2012-06-01,201206,1.Alimentação e bebidas,IPCA - Variação mensal,0.68,1419
2012-07-01,201207,1.Alimentação e bebidas,IPCA - Variação mensal,0.91,1419
2012-08-01,201208,1.Alimentação e bebidas,IPCA - Variação mensal,0.88,1419
2012-09-01,201209,1.Alimentação e bebidas,IPCA - Variação mensal,1.26,1419
2012-10-01,201210,1.Alimentação e bebidas,IPCA - Variação mensal,1.36,1419
2012-11-01,201211,1.Alimentação e bebidas,IPCA - Variação mensal,0.79,1419
2012-12-01,201212,1.Alimentação e bebidas,IPCA - Variação mensal,1.03,1419
2013-01-01,201301,1.Alimentação e bebidas,IPCA - Variação mensal,1.99,1419
2013-02-01,201302,1.Alimentação e bebidas,IPCA - Variação mensal,1.45,1419
2013-03-01,201303,1.Alimentação e bebidas,IPCA - Variação mensal,1.14,1419
2013-04-01,201304,1.Alimentação e bebidas,IPCA - Variação mensal,0.96,1419
2013-05-01,201305,1.Alimentação e bebidas,IPCA - Variação mensal,0.31,1419
2013-06-01,201306,1.Alimentação e bebidas,IPCA - Variação mensal,0.04,1419
2013-07-01,201307,1.Alimentação e bebidas,IPCA - Variação mensal,-0.33,1419
2013-08-01,201308,1.Alimentação e bebidas,IPCA - Variação mensal,0.01,1419
2013-09-01,201309,1.Alimentação e bebidas,IPCA - Variação mensal,0.14,1419
2013-10-01,201310,1.Alimentação e bebidas,IPCA - Variação mensal,1.03,1419
2013-11-01,201311,1.Alimentação e bebidas,IPCA - Variação mensal,0.56,1419
2013-12-01,201312,1.Alimentação e bebidas,IPCA - Variação mensal,0.89,1419
2014-01-01,201401,1.Alimentação e bebidas,IPCA - Variação mensal,0.84,1419
2014-02-01,201402,1.Alimentação e bebidas,IPCA - Variação mensal,0.56,1419
2014-03-01,201403,1.Alimentação e bebidas,IPCA - Variação mensal,1.92,1419
2014-04-01,201404,1.Alimentação e bebidas,IPCA - Variação mensal,1.19,1419
2014-05-01,201405,1.Alimentação e bebidas,IPCA - Variação mensal,0.58,1419
2014-06-01,201406,1.Alimentação e bebidas,IPCA - Variação mensal,-0.11,1419
2014-07-01,201407,1.Alimentação e bebidas,IPCA - Variação mensal,-0.15,1419
2014-08-01,201408,1.Alimentação e bebidas,IPCA - Variação mensal,-0.15,1419
2014-09-01,201409,1.Alimentação e bebidas,IPCA - Variação mensal,0.78,1419
2014-10-01,201410,1.Alimentação e bebidas,IPCA - Variação mensal,0.46,1419
2014-11-01,201411,1.Alimentação e bebidas,IPCA - Variação mensal,0.77,1419
2014-12-01,201412,1.Alimentação e bebidas,IPCA - Variação mensal,1.08,1419
2015-01-01,201501,1.Alimentação e bebidas,IPCA - Variação mensal,1.48,1419
2015-02-01,201502,1.Alimentação e bebidas,IPCA - Variação mensal,0.81,1419
2015-03-01,201503,1.Alimentação e bebidas,IPCA - Variação mensal,1.17,1419
2015-04-01,201504,1.Alimentação e bebidas,IPCA - Variação mensal,0.97,1419
2015-05-01,201505,1.Alimentação e bebidas,IPCA - Variação mensal,1.37,1419
2015-06-01,201506,1.Alimentação e bebidas,IPCA - Variação mensal,0.63,1419
2015-07-01,201507,1.Alimentação e bebidas,IPCA - Variação mensal,0.65,1419
2015-08-01,201508,1.Alimentação e bebidas,IPCA - Variação mensal,-0.01,1419
2015-09-01,201509,1.Alimentação e bebidas,IPCA - Variação mensal,0.24,1419
2015-10-01,201510,1.Alimentação e bebidas,IPCA - Variação mensal,0.77,1419
2015-11-01,201511,1.Alimentação e bebidas,IPCA - Variação mensal,1.83,1419
2015-12-01,201512,1.Alimentação e bebidas,IPCA - Variação mensal,1.5,1419
2016-01-01,201601,1.Alimentação e bebidas,IPCA - Variação mensal,2.28,1419
2016-02-01,201602,1.Alimentação e bebidas,IPCA - Variação mensal,1.06,1419
2016-03-01,201603,1.Alimentação e bebidas,IPCA - Variação mensal,1.24,1419
2016-04-01,201604,1.Alimentação e bebidas,IPCA - Variação mensal,1.09,1419
2016-05-01,201605,1.Alimentação e bebidas,IPCA - Variação mensal,0.78,1419
2016-06-01,201606,1.Alimentação e bebidas,IPCA - Variação mensal,0.71,1419
2016-07-01,201607,1.Alimentação e bebidas,IPCA - Variação mensal,1.32,1419
2016-08-01,201608,1.Alimentação e bebidas,IPCA - Variação mensal,0.3,1419
2016-09-01,201609,1.Alimentação e bebidas,IPCA - Variação mensal,-0.29,1419
2016-10-01,201610,1.Alimentação e bebidas,IPCA - Variação mensal,-0.05,1419
2016-11-01,201611,1.Alimentação e bebidas,IPCA - Variação mensal,-0.2,1419
2016-12-01,201612,1.Alimentação e bebidas,IPCA - Variação mensal,0.08,1419
2017-01-01,201701,1.Alimentação e bebidas,IPCA - Variação mensal,0.35,1419
2017-02-01,201702,1.Alimentação e bebidas,IPCA - Variação mensal,-0.45,1419
2017-03-01,201703,1.Alimentação e bebidas,IPCA - Variação mensal,0.34,1419
2017-04-01,201704,1.Alimentação e bebidas,IPCA - Variação mensal,0.58,1419
2017-05-01,201705,1.Alimentação e bebidas,IPCA - Variação mensal,-0.35,1419
2017-06-01,201706,1.Alimentação e bebidas,IPCA - Variação mensal,-0.5,1419
2017-07-01,201707,1.Alimentação e bebidas,IPCA - Variação mensal,-0.47,1419
2017-08-01,201708,1.Alimentação e bebidas,IPCA - Variação mensal,-1.07,1419
2017-09-01,201709,1.Alimentação e bebidas,IPCA - Variação mensal,-0.41,1419
2017-10-01,201710,1.Alimentação e bebidas,IPCA - Variação mensal,-0.05,1419
2017-11-01,201711,1.Alimentação e bebidas,IPCA - Variação mensal,-0.38,1419
2017-12-01,201712,1.Alimentação e bebidas,IPCA - Variação mensal,0.54,1419
2018-01-01,201801,1.Alimentação e bebidas,IPCA - Variação mensal,0.74,1419
2018-02-01,201802,1.Alimentação e bebidas,IPCA - Variação mensal,-0.33,1419
2018-03-01,201803,1.Alimentação e bebidas,IPCA - Variação mensal,0.07,1419
2018-04-01,201804,1.Alimentação e bebidas,IPCA - Variação mensal,0.09,1419
2018-05-01,201805,1.Alimentação e bebidas,IPCA - Variação mensal,0.32,1419
2018-06-01,201806,1.Alimentação e bebidas,IPCA - Variação mensal,2.03,1419
2018-07-01,201807,1.Alimentação e bebidas,IPCA - Variação mensal,-0.12,1419
2018-08-01,201808,1.Alimentação e bebidas,IPCA - Variação mensal,-0.34,1419
2018-09-01,201809,1.Alimentação e bebidas,IPCA - Variação mensal,0.1,1419
2018-10-01,201810,1.Alimentação e bebidas,IPCA - Variação mensal,0.59,1419
2018-11-01,201811,1.Alimentação e bebidas,IPCA - Variação mensal,0.39,1419
2018-12-01,201812,1.Alimentação e bebidas,IPCA - Variação mensal,0.44,1419
2019-01-01,201901,1.Alimentação e bebidas,IPCA - Variação mensal,0.9,1419
2019-02-01,201902,1.Alimentação e bebidas,IPCA - Variação mensal,0.78,1419
2019-03-01,201903,1.Alimentação e bebidas,IPCA - Variação mensal,1.37,1419
2019-04-01,201904,1.Alimentação e bebidas,IPCA - Variação mensal,0.63,1419
2019-05-01,201905,1.Alimentação e bebidas,IPCA - Variação mensal,-0.56,1419
2019-06-01,201906,1.Alimentação e bebidas,IPCA - Variação mensal,-0.25,1419
2019-07-01,201907,1.Alimentação e bebidas,IPCA - Variação mensal,0.01,1419
2019-08-01,201908,1.Alimentação e bebidas,IPCA - Variação mensal,-0.35,1419
2019-09-01,201909,1.Alimentação e bebidas,IPCA - Variação mensal,-0.43,1419
2019-10-01,201910,1.Alimentação e bebidas,IPCA - Variação mensal,0.05,1419
2019-11-01,201911,1.Alimentação e bebidas,IPCA - Variação mensal,0.72,1419
2019-12-01,201912,1.Alimentação e bebidas,IPCA - Variação mensal,3.38,1419
2020-01-01,202001,1.Alimentação e bebidas,IPCA - Variação mensal,0.39,7060
2020-02-01,202002,1.Alimentação e bebidas,IPCA - Variação mensal,0.11,7060
2020-03-01,202003,1.Alimentação e bebidas,IPCA - Variação mensal,1.13,7060
2020-04-01,202004,1.Alimentação e bebidas,IPCA - Variação mensal,1.79,7060
2020-05-01,202005,1.Alimentação e bebidas,IPCA - Variação mensal,0.24,7060
2020-06-01,202006,1.Alimentação e bebidas,IPCA - Variação mensal,0.38,7060
2020-07-01,202007,1.Alimentação e bebidas,IPCA - Variação mensal,0.01,7060
2020-08-01,202008,1.Alimentação e bebidas,IPCA - Variação mensal,0.78,7060
2020-09-01,202009,1.Alimentação e bebidas,IPCA - Variação mensal,2.28,7060
2020-10-01,202010,1.Alimentação e bebidas,IPCA - Variação mensal,1.93,7060
2020-11-01,202011,1.Alimentação e bebidas,IPCA - Variação mensal,2.54,7060
2020-12-01,202012,1.Alimentação e bebidas,IPCA - Variação mensal,1.74,7060
2021-01-01,202101,1.Alimentação e bebidas,IPCA - Variação mensal,1.02,7060
2021-02-01,202102,1.Alimentação e bebidas,IPCA - Variação mensal,0.27,7060
2021-03-01,202103,1.Alimentação e bebidas,IPCA - Variação mensal,0.13,7060
2021-04-01,202104,1.Alimentação e bebidas,IPCA - Variação mensal,0.4,7060
2021-05-01,202105,1.Alimentação e bebidas,IPCA - Variação mensal,0.44,7060
2021-06-01,202106,1.Alimentação e bebidas,IPCA - Variação mensal,0.43,7060
2021-07-01,202107,1.Alimentação e bebidas,IPCA - Variação mensal,0.6,7060
2021-08-01,202108,1.Alimentação e bebidas,IPCA - Variação mensal,1.39,7060
2021-09-01,202109,1.Alimentação e bebidas,IPCA - Variação mensal,1.02,7060
2021-10-01,202110,1.Alimentação e bebidas,IPCA - Variação mensal,1.17,7060
2021-11-01,202111,1.Alimentação e bebidas,IPCA - Variação mensal,-0.04,7060
2021-12-01,202112,1.Alimentação e bebidas,IPCA - Variação mensal,0.84,7060
2022-01-01,202201,1.Alimentação e bebidas,IPCA - Variação mensal,1.11,7060
2022-02-01,202202,1.Alimentação e bebidas,IPCA - Variação mensal,1.28,7060
2022-03-01,202203,1.Alimentação e bebidas,IPCA - Variação mensal,2.42,7060
2022-04-01,202204,1.Alimentação e bebidas,IPCA - Variação mensal,2.06,7060
2022-05-01,202205,1.Alimentação e bebidas,IPCA - Variação mensal,0.48,7060
2022-06-01,202206,1.Alimentação e bebidas,IPCA - Variação mensal,0.8,7060
2022-07-01,202207,1.Alimentação e bebidas,IPCA - Variação mensal,1.3,7060
2022-08-01,202208,1.Alimentação e bebidas,IPCA - Variação mensal,0.24,7060
2022-09-01,202209,1.Alimentação e bebidas,IPCA - Variação mensal,-0.51,7060
2022-10-01,202210,1.Alimentação e bebidas,IPCA - Variação mensal,0.72,7060
2022-11-01,202211,1.Alimentação e bebidas,IPCA - Variação mensal,0.53,7060
2022-12-01,202212,1.Alimentação e bebidas,IPCA - Variação mensal,0.66,7060
2023-01-01,202301,1.Alimentação e bebidas,IPCA - Variação mensal,0.59,7060
2023-02-01,202302,1.Alimentação e bebidas,IPCA - Variação mensal,0.16,7060
2023-03-01,202303,1.Alimentação e bebidas,IPCA - Variação mensal,0.05,7060
2023-04-01,202304,1.Alimentação e bebidas,IPCA - Variação mensal,0.71,7060
2023-05-01,202305,1.Alimentação e bebidas,IPCA - Variação mensal,0.16,7060
2023-06-01,202306,1.Alimentação e bebidas,IPCA - Variação mensal,-0.66,7060
2023-07-01,202307,1.Alimentação e bebidas,IPCA - Variação mensal,-0.46,7060
2023-08-01,202308,1.Alimentação e bebidas,IPCA - Variação mensal,-0.85,7060
2023-09-01,202309,1.Alimentação e bebidas,IPCA - Variação mensal,-0.71,7060
2023-10-01,202310,1.Alimentação e bebidas,IPCA - Variação mensal,0.31,7060
2023-11-01,202311,1.Alimentação e bebidas,IPCA - Variação mensal,0.63,7060
2023-12-01,202312,1.Alimentação e bebidas,IPCA - Variação mensal,1.11,7060
2024-01-01,202401,1.Alimentação e bebidas,IPCA - Variação mensal,1.38,7060
2024-02-01,202402,1.Alimentação e bebidas,IPCA - Variação mensal,0.95,7060
2024-03-01,202403,1.Alimentação e bebidas,IPCA - Variação mensal,0.53,7060
2024-04-01,202404,1.Alimentação e bebidas,IPCA - Variação mensal,0.7,7060
2024-05-01,202405,1.Alimentação e bebidas,IPCA - Variação mensal,0.62,7060
2024-06-01,202406,1.Alimentação e bebidas,IPCA - Variação mensal,0.44,7060
2024-07-01,202407,1.Alimentação e bebidas,IPCA - Variação mensal,-1.0,7060
2024-08-01,202408,1.Alimentação e bebidas,IPCA - Variação mensal,-0.44,7060
2024-09-01,202409,1.Alimentação e bebidas,IPCA - Variação mensal,0.5,7060
2024-10-01,202410,1.Alimentação e bebidas,IPCA - Variação mensal,1.06,7060
2024-11-01,202411,1.Alimentação e bebidas,IPCA - Variação mensal,1.55,7060
2024-12-01,202412,1.Alimentação e bebidas,IPCA - Variação mensal,1.18,7060
2025-01-01,202501,1.Alimentação e bebidas,IPCA - Variação mensal,0.96,7060
2025-02-01,202502,1.Alimentação e bebidas,IPCA - Variação mensal,0.7,7060
2025-03-01,202503,1.Alimentação e bebidas,IPCA - Variação mensal,1.17,7060
2025-04-01,202504,1.Alimentação e bebidas,IPCA - Variação mensal,0.82,7060
2025-05-01,202505,1.Alimentação e bebidas,IPCA - Variação mensal,0.17,7060
2025-06-01,202506,1.Alimentação e bebidas,IPCA - Variação mensal,-0.18,7060
2025-07-01,202507,1.Alimentação e bebidas,IPCA - Variação mensal,-0.27,7060
2025-08-01,202508,1.Alimentação e bebidas,IPCA - Variação mensal,-0.46,7060
2025-09-01,202509,1.Alimentação e bebidas,IPCA - Variação mensal,-0.26,7060
2025-10-01,202510,1.Alimentação e bebidas,IPCA - Variação mensal,0.01,7060
2025-11-01,202511,1.Alimentação e bebidas,IPCA - Variação mensal,-0.01,7060
2025-12-01,202512,1.Alimentação e bebidas,IPCA - Variação mensal,0.27,7060
2026-01-01,202601,1.Alimentação e bebidas,IPCA - Variação mensal,0.23,7060
2026-02-01,202602,1.Alimentação e bebidas,IPCA - Variação mensal,0.26,7060
2026-03-01,202603,1.Alimentação e bebidas,IPCA - Variação mensal,1.56,7060
2026-04-01,202604,1.Alimentação e bebidas,IPCA - Variação mensal,1.34,7060
2026-05-01,202605,1.Alimentação e bebidas,IPCA - Variação mensal,1.33,7060
2026-06-01,202606,1.Alimentação e bebidas,IPCA - Variação mensal,-0.24,7060
2026-07-01,202607,1.Alimentação e bebidas,IPCA - Variação mensal,-0.67,7060
2026-08-01,202608,1.Alimentação e bebidas,IPCA - Variação mensal,-0.34,7060
