aammes,titulo,url,status_http,formato,coletado_em
202607,"HTMLJulho - Em julho, custo da cesta básica diminui em 26 capitais",https://www.dieese.org.br/analisecestabasica/2026/202607cestabasica.pdf,200,pdf,2026-09-18 05:11:43
202606,"HTMLJunho - Em junho, custo da cesta aumenta em 17 capitais",https://www.dieese.org.br/analisecestabasica/2026/202606cestabasica.pdf,200,pdf,2026-09-18 05:11:54
202605,"HTMLMaio - Em maio, custo da cesta aumenta em todas as 27 capitais analisadas",https://www.dieese.org.br/analisecestabasica/2026/202605cestabasica.pdf,200,pdf,2026-09-18 05:12:06
202604,"HTMLAbril - Pelo segundo mês consecutivo, o custo da cesta básica aumenta em todas as 27 capitais",https://www.dieese.org.br/analisecestabasica/2026/202604cestabasica.pdf,200,pdf,2026-09-18 05:12:17
202603,"HTMLMarço - Em março, custo da cesta aumenta nas 27 capitais",https://www.dieese.org.br/analisecestabasica/2026/202603cestabasica.pdf,200,pdf,2026-09-18 05:12:29
202607,"HTMLJulho - Em julho, custo da cesta básica diminui em 26 capitais",https://www.dieese.org.br/analisecestabasica/2026/202607cestabasica.pdf,200,pdf,"2026-09-18 05:22:21 (recuperado, já existia no disco)"
202606,"HTMLJunho - Em junho, custo da cesta aumenta em 17 capitais",https://www.dieese.org.br/analisecestabasica/2026/202606cestabasica.pdf,200,pdf,"2026-09-18 05:22:32 (recuperado, já existia no disco)"
202605,"HTMLMaio - Em maio, custo da cesta aumenta em todas as 27 capitais analisadas",https://www.dieese.org.br/analisecestabasica/2026/202605cestabasica.pdf,200,pdf,"2026-09-18 05:22:43 (recuperado, já existia no disco)"
202604,"HTMLAbril - Pelo segundo mês consecutivo, o custo da cesta básica aumenta em todas as 27 capitais",https://www.dieese.org.br/analisecestabasica/2026/202604cestabasica.pdf,200,pdf,"2026-09-18 05:22:54 (recuperado, já existia no disco)"
202603,"HTMLMarço - Em março, custo da cesta aumenta nas 27 capitais",https://www.dieese.org.br/analisecestabasica/2026/202603cestabasica.pdf,200,pdf,"2026-09-18 05:23:05 (recuperado, já existia no disco)"
202602,"HTMLFevereiro - Em fevereiro, o custo da cesta aumenta em 14 capitais",https://www.dieese.org.br/analisecestabasica/2026/202602cestabasica.pdf,200,pdf,"2026-09-18 05:23:17 (recuperado, já existia no disco)"
202601,"HTMLJaneiro - Em janeiro, custo da cesta aumenta em 24 capitais",https://www.dieese.org.br/analisecestabasica/2026/202601cestabasica.pdf,200,pdf,"2026-09-18 05:23:28 (recuperado, já existia no disco)"
202512,"HTMLDezembro - Em dezembro, custo da cesta aumenta em 17 capitais",https://www.dieese.org.br/analisecestabasica/2025/202512cestabasica.pdf,200,pdf,"2026-09-18 05:23:39 (recuperado, já existia no disco)"
202511,"HTMLNovembro - Em novembro, custo da cesta diminui em 24 capitais",https://www.dieese.org.br/analisecestabasica/2025/202511cestabasica.pdf,200,pdf,"2026-09-18 05:23:50 (recuperado, já existia no disco)"
202510,"HTMLOutubro - Em outubro, custo da cesta aumenta em 16 capitais",https://www.dieese.org.br/analisecestabasica/2025/202510cestabasica.pdf,200,pdf,"2026-09-18 05:24:01 (recuperado, já existia no disco)"
202509,"HTMLSetembro - Em setembro, custo da cesta básica fica menor em 22 capitais",https://www.dieese.org.br/analisecestabasica/2025/202509cestabasica.pdf,200,pdf,"2026-09-18 05:24:13 (recuperado, já existia no disco)"
202508,HTMLAgosto - Custo da cesta diminui em 24 capitais em agosto,https://www.dieese.org.br/analisecestabasica/2025/202508cestabasica.pdf,200,pdf,"2026-09-18 05:24:24 (recuperado, já existia no disco)"
202507,HTMLJulho - Custo da cesta diminui em 15 das 27 capitais brasileiras em julho,https://www.dieese.org.br/analisecestabasica/2025/202507cestabasica.pdf,200,pdf,"2026-09-18 05:24:35 (recuperado, já existia no disco)"
202506,HTMLJunho - Custo da cesta diminui em 11 capitais em junho,https://www.dieese.org.br/analisecestabasica/2025/202506cestabasica.pdf,200,pdf,"2026-09-18 05:24:47 (recuperado, já existia no disco)"
202505,HTMLMaio - Custo da cesta diminui em 15 capitais em maio,https://www.dieese.org.br/analisecestabasica/2025/202505cestabasica.pdf,200,pdf,"2026-09-18 05:24:57 (recuperado, já existia no disco)"
202504,HTMLAbril - Custo da cesta aumenta em 15 capitais em abril,https://www.dieese.org.br/analisecestabasica/2025/202504cestabasica.pdf,200,pdf,"2026-09-18 05:25:09 (recuperado, já existia no disco)"
202503,HTMLMarço - Custo da cesta aumenta em 14 capitais em março,https://www.dieese.org.br/analisecestabasica/2025/202503cestabasica.pdf,200,pdf,"2026-09-18 05:25:20 (recuperado, já existia no disco)"
202502,HTMLFevereiro - Custo da cesta aumenta em 14 capitais em fevereiro,https://www.dieese.org.br/analisecestabasica/2025/202502cestabasica.pdf,200,pdf,"2026-09-18 05:25:30 (recuperado, já existia no disco)"
202501,HTMLJaneiro - Valor da cesta básica aumenta em 13 capitais em janeiro,https://www.dieese.org.br/analisecestabasica/2025/202501cestabasica.pdf,200,pdf,"2026-09-18 05:25:41 (recuperado, já existia no disco)"
202412,"HTMLDezembro - Em 2024, custo da cesta básica aumenta em todas as capitais",https://www.dieese.org.br/analisecestabasica/2024/202412cestabasica.pdf,200,pdf,"2026-09-18 05:25:52 (recuperado, já existia no disco)"
202411,HTMLNovembro - Custo da cesta básica aumenta em todas as cidades,https://www.dieese.org.br/analisecestabasica/2024/202411cestabasica.pdf,200,pdf,"2026-09-18 05:26:03 (recuperado, já existia no disco)"
202410,HTMLOutubro - Custo da cesta básica aumenta em todas as cidades,https://www.dieese.org.br/analisecestabasica/2024/202410cestabasica.pdf,200,pdf,"2026-09-18 05:26:14 (recuperado, já existia no disco)"
202409,HTMLSetembro - Custo da cesta básica aumenta em 10 cidades,https://www.dieese.org.br/analisecestabasica/2024/202409cestabasica.pdf,200,pdf,"2026-09-18 05:26:25 (recuperado, já existia no disco)"
202408,"HTMLAgosto - Pelo segundo mês consecutivo, custo da cesta básica diminui em todas as cidades",https://www.dieese.org.br/analisecestabasica/2024/202408cestabasica.pdf,200,pdf,"2026-09-18 05:26:36 (recuperado, já existia no disco)"
202407,HTMLJulho - Custo da cesta básica diminuiem todas as cidades em julho,https://www.dieese.org.br/analisecestabasica/2024/202407cestabasica.pdf,200,pdf,"2026-09-18 05:26:47 (recuperado, já existia no disco)"
202406,HTMLJunho - Custo da cesta básica aumenta em 10 cidades,https://www.dieese.org.br/analisecestabasica/2024/202406cestabasica.pdf,200,pdf,"2026-09-18 05:26:58 (recuperado, já existia no disco)"
202405,HTMLMaio - Custo da cesta básica aumenta em 11 cidades,https://www.dieese.org.br/analisecestabasica/2024/202405cestabasica.pdf,200,pdf,"2026-09-18 05:27:08 (recuperado, já existia no disco)"
202404,HTMLAbril - Custo da cesta aumenta em todas as cidades do Norte e Nordeste,https://www.dieese.org.br/analisecestabasica/2024/202404cestabasica.pdf,200,pdf,"2026-09-18 05:27:19 (recuperado, já existia no disco)"
202403,HTMLMarço - Custo da cesta aumenta em 10 capitais em março,https://www.dieese.org.br/analisecestabasica/2024/202403cestabasica.pdf,200,pdf,"2026-09-18 05:27:30 (recuperado, já existia no disco)"
202402,HTMLFevereiro - Custo da cesta aumenta em 14 capitais,https://www.dieese.org.br/analisecestabasica/2024/202402cestabasica.pdf,200,pdf,"2026-09-18 05:27:41 (recuperado, já existia no disco)"
202401,"HTMLJaneiro - Em janeiro, valor da cesta básica sobe em 16 capitais",https://www.dieese.org.br/analisecestabasica/2024/202401cestabasica.pdf,200,pdf,"2026-09-18 05:27:53 (recuperado, já existia no disco)"
202312,"HTMLDezembro - Em 2023, preço da cesta básica diminuiu em 15 capitais",https://www.dieese.org.br/analisecestabasica/2023/202312cestabasica.pdf,200,pdf,"2026-09-18 05:28:04 (recuperado, já existia no disco)"
202311,HTMLNovembro - Custo da cesta básica é maior em nove capitais,https://www.dieese.org.br/analisecestabasica/2023/202311cestabasica.pdf,200,pdf,"2026-09-18 05:28:15 (recuperado, já existia no disco)"
202310,HTMLOutubro - Custo da cesta básica fica menor em 12 capitais,https://www.dieese.org.br/analisecestabasica/2023/202310cestabasica.pdf,200,pdf,"2026-09-18 05:28:26 (recuperado, já existia no disco)"
202309,HTMLSetembro - Custo da cesta fica menor em 14 capitais,https://www.dieese.org.br/analisecestabasica/2023/202309cestabasica.pdf,200,pdf,"2026-09-18 05:28:37 (recuperado, já existia no disco)"
202308,HTMLAgosto - Custo da cesta fica menor em 16 capitais,https://www.dieese.org.br/analisecestabasica/2023/202308cestabasica.pdf,200,pdf,"2026-09-18 05:28:49 (recuperado, já existia no disco)"
202307,HTMLJulho - Custo da cesta diminuiu em 13 capitais,https://www.dieese.org.br/analisecestabasica/2023/202307cestabasica.pdf,200,pdf,"2026-09-18 05:29:00 (recuperado, já existia no disco)"
202306,HTMLJunho - Custo da cesta diminuiu em 10 capitais,https://www.dieese.org.br/analisecestabasica/2023/202306cestabasica.pdf,200,pdf,"2026-09-18 05:29:11 (recuperado, já existia no disco)"
202305,"HTMLMaio - Em maio, custo da cesta diminui em 11 capitais",https://www.dieese.org.br/analisecestabasica/2023/202305cestabasica.pdf,200,pdf,"2026-09-18 05:29:22 (recuperado, já existia no disco)"
202304,HTMLAbril - Custo da cesta aumenta em 14 capitais,https://www.dieese.org.br/analisecestabasica/2023/202304cestabasica.pdf,200,pdf,"2026-09-18 05:29:33 (recuperado, já existia no disco)"
202303,HTMLMarço - Custo da cesta diminuiu em 13 capitais em março,https://www.dieese.org.br/analisecestabasica/2023/202303cestabasica.pdf,200,pdf,"2026-09-18 05:29:45 (recuperado, já existia no disco)"
202302,HTMLFevereiro - Custo da cesta diminui em 13 capitais em fevereiro,https://www.dieese.org.br/analisecestabasica/2023/202302cestabasica.pdf,200,pdf,"2026-09-18 05:29:56 (recuperado, já existia no disco)"
202301,"HTMLJaneiro - Em janeiro, cestas do Nordeste têm as maiores altas",https://www.dieese.org.br/analisecestabasica/2023/202301cestabasica.pdf,200,pdf,"2026-09-18 05:30:07 (recuperado, já existia no disco)"
202212,"HTMLDezembro - Em 2022, preço da cesta básica aumenta em todas as 17 capitais pesquisadas",https://www.dieese.org.br/analisecestabasica/2022/202212cestabasica.pdf,200,pdf,"2026-09-18 05:30:18 (recuperado, já existia no disco)"
202211,HTMLNovembro - Custo da cesta básica aumenta nas capitais do Centro-Sul,https://www.dieese.org.br/analisecestabasica/2022/202211cestabasica.pdf,200,pdf,"2026-09-18 05:30:29 (recuperado, já existia no disco)"
202210,HTMLOutubro - Custo da cesta básica aumenta em 12 capitais,https://www.dieese.org.br/analisecestabasica/2022/202210cestabasica.pdf,200,pdf,"2026-09-18 05:30:40 (recuperado, já existia no disco)"
202209,HTMLSetembro - Custo da cesta básica diminui em 12 capitais,https://www.dieese.org.br/analisecestabasica/2022/202209cestabasica.pdf,200,pdf,"2026-09-18 05:30:51 (recuperado, já existia no disco)"
202208,HTMLAgosto - Custo da cesta básica diminuiu em 16 capitais,https://www.dieese.org.br/analisecestabasica/2022/202208cestabasica.pdf,200,pdf,"2026-09-18 05:31:02 (recuperado, já existia no disco)"
202207,HTMLJulho - Preços dos produtos  In natura reduzem custo da cesta,https://www.dieese.org.br/analisecestabasica/2022/202207cestabasica.pdf,200,pdf,"2026-09-18 05:31:13 (recuperado, já existia no disco)"
202206,HTMLJunho - Custo da cesta aumentou em nove capitais,https://www.dieese.org.br/analisecestabasica/2022/202206cestabasica.pdf,200,pdf,"2026-09-18 05:31:24 (recuperado, já existia no disco)"
202205,HTMLMaio - Preço do tomate contribui para queda no custo da cesta na maioria das cidades pesquisadas,https://www.dieese.org.br/analisecestabasica/2022/202205cestabasica.pdf,200,pdf,"2026-09-18 05:31:35 (recuperado, já existia no disco)"
202204,"HTMLAbril - Pelo segundo mês consecutivo, valor da cesta básica aumenta em todas as capitais",https://www.dieese.org.br/analisecestabasica/2022/202204cestabasica.pdf,200,pdf,"2026-09-18 05:31:46 (recuperado, já existia no disco)"
202203,HTMLMarço - Pesquisa Nacional da Cesta Básica de Alimentos,https://www.dieese.org.br/analisecestabasica/2022/202203cestabasica.pdf,200,pdf,"2026-09-18 05:31:57 (recuperado, já existia no disco)"
202202,HTMLFevereiro - Pesquisa Nacional da Cesta Básica de Alimentos,https://www.dieese.org.br/analisecestabasica/2022/202202cestabasica.pdf,200,pdf,"2026-09-18 05:32:09 (recuperado, já existia no disco)"
202201,HTMLJaneiro - Pesquisa Nacional da Cesta Básica de Alimentos,https://www.dieese.org.br/analisecestabasica/2022/202201cestabasica.pdf,200,pdf,"2026-09-18 05:32:20 (recuperado, já existia no disco)"
202112,HTMLDezembro - Pesquisa Nacional da Cesta Básica de Alimentos,https://www.dieese.org.br/analisecestabasica/2021/202112cestabasica.pdf,200,pdf,"2026-09-18 05:32:31 (recuperado, já existia no disco)"
202111,HTMLNovembro - Pesquisa Nacional da Cesta Básica de Alimentos,https://www.dieese.org.br/analisecestabasica/2021/202111cestabasica.pdf,200,pdf,"2026-09-18 05:32:42 (recuperado, já existia no disco)"
202110,HTMLOutubro - Pesquisa Nacional da Cesta Básica de Alimentos,https://www.dieese.org.br/analisecestabasica/2021/202110cestabasica.pdf,200,pdf,"2026-09-18 05:32:53 (recuperado, já existia no disco)"
202109,HTMLSetembro - Pesquisa Nacional da Cesta Básica de Alimentos,https://www.dieese.org.br/analisecestabasica/2021/202109cestabasica.pdf,200,pdf,"2026-09-18 05:33:03 (recuperado, já existia no disco)"
202108,HTMLAgosto - Pesquisa Nacional da Cesta Básica de Alimentos,https://www.dieese.org.br/analisecestabasica/2021/202108cestabasica.pdf,200,pdf,"2026-09-18 05:33:15 (recuperado, já existia no disco)"
202107,HTMLJulho - Pesquisa Nacional da Cesta Básica de Alimentos,https://www.dieese.org.br/analisecestabasica/2021/202107cestabasica.pdf,200,pdf,"2026-09-18 05:33:26 (recuperado, já existia no disco)"
202106,HTMLJunho - Pesquisa Nacional da Cesta Básica de Alimentos,https://www.dieese.org.br/analisecestabasica/2021/202106cestabasica.pdf,200,pdf,"2026-09-18 05:33:37 (recuperado, já existia no disco)"
202105,HTMLMaio - Pesquisa Nacional da Cesta Básica de Alimentos,https://www.dieese.org.br/analisecestabasica/2021/202105cestabasica.pdf,200,pdf,"2026-09-18 05:33:48 (recuperado, já existia no disco)"
202104,HTMLAbril - Pesquisa Nacional da Cesta Básica de Alimentos,https://www.dieese.org.br/analisecestabasica/2021/202104cestabasica.pdf,200,pdf,"2026-09-18 05:33:59 (recuperado, já existia no disco)"
202103,HTMLMarço - Pesquisa Nacional da Cesta Básica de Alimentos,https://www.dieese.org.br/analisecestabasica/2021/202103cestabasica.pdf,200,pdf,"2026-09-18 05:34:10 (recuperado, já existia no disco)"
202102,HTMLFevereiro - Pesquisa Nacional da Cesta Básica de Alimentos,https://www.dieese.org.br/analisecestabasica/2021/202102cestabasica.pdf,200,pdf,"2026-09-18 05:34:21 (recuperado, já existia no disco)"
202101,HTMLJaneiro - Pesquisa Nacional da Cesta Básica de Alimentos,https://www.dieese.org.br/analisecestabasica/2021/202101cestabasica.pdf,200,pdf,"2026-09-18 05:34:32 (recuperado, já existia no disco)"
202012,HTMLDezembro - Tomada especial de preços de dezembro de 2020 e do ano de 2020,https://www.dieese.org.br/analisecestabasica/2020/202012cestabasica.pdf,200,pdf,"2026-09-18 05:34:44 (recuperado, já existia no disco)"
202011,HTMLNovembro - Tomada especial de preços de novembro de 2020,https://www.dieese.org.br/analisecestabasica/2020/202011cestabasica.pdf,200,pdf,"2026-09-18 05:34:55 (recuperado, já existia no disco)"
202010,HTMLOutubro - Tomada especial de preços de outubro de 2020,https://www.dieese.org.br/analisecestabasica/2020/202010cestabasica.pdf,200,pdf,"2026-09-18 05:35:06 (recuperado, já existia no disco)"
202009,HTMLSetembro - Tomada especial de preços de setembro de 2020,https://www.dieese.org.br/analisecestabasica/2020/202009cestabasica.pdf,200,pdf,"2026-09-18 05:35:17 (recuperado, já existia no disco)"
202008,HTMLAgosto - Tomada especial de preços de agosto de 2020,https://www.dieese.org.br/analisecestabasica/2020/202008cestabasica.pdf,200,pdf,"2026-09-18 05:35:28 (recuperado, já existia no disco)"
202007,HTMLJulho - Tomada especial de preços de julho de 2020,https://www.dieese.org.br/analisecestabasica/2020/202007cestabasica.pdf,200,pdf,"2026-09-18 05:35:39 (recuperado, já existia no disco)"
202006,HTMLJunho - Tomada especial de preços de junho de 2020,https://www.dieese.org.br/analisecestabasica/2020/202006cestabasica.pdf,200,pdf,"2026-09-18 05:35:50 (recuperado, já existia no disco)"
202005,HTMLMaio - Tomada especial de preços de maio de 2020,https://www.dieese.org.br/analisecestabasica/2020/202005cestabasica.pdf,200,pdf,2026-09-18 05:41:11
202004,HTMLAbril - Tomada especial de preços de abril de 2020,https://www.dieese.org.br/analisecestabasica/2020/202004cestabasica.pdf,200,pdf,2026-09-18 05:41:22
202003,HTMLMarço - Custo da cesta básica aumenta em 15 capitais,https://www.dieese.org.br/analisecestabasica/2020/202003cestabasica.pdf,200,pdf,2026-09-18 05:41:33
202002,HTMLFevereiro - Custo da cesta básica aumenta em 10 capitais,https://www.dieese.org.br/analisecestabasica/2020/202002cestabasica.pdf,200,pdf,2026-09-18 05:41:43
202001,HTMLJaneiro - Custo da cesta básica aumenta em 11 capitais,https://www.dieese.org.br/analisecestabasica/2020/202001cestabasica.pdf,200,pdf,2026-09-18 05:41:54
201912,HTMLDezembro - Valor da cesta básica aumenta em praticamente todas as capitais em 2019,https://www.dieese.org.br/analisecestabasica/2019/201912cestabasica.pdf,200,pdf,2026-09-18 05:42:06
201911,HTMLNovembro - Preço da carne sobe em todas as capitais pesquisadas,https://www.dieese.org.br/analisecestabasica/2019/201911cestabasica.pdf,200,pdf,2026-09-18 05:42:17
201910,HTMLOutubro - Variação da cesta tem comportamento distinto entre as capitais,https://www.dieese.org.br/analisecestabasica/2019/201910cestabasica.pdf,200,pdf,2026-09-18 05:42:28
201909,HTMLSetembro - Custo da cesta diminui em 16 capitais,https://www.dieese.org.br/analisecestabasica/2019/201909cestabasica.pdf,200,pdf,2026-09-18 05:42:39
201908,"HTMLAgosto - Pelo segundo mês consecutivo, custo da cesta diminui em todas as capitais",https://www.dieese.org.br/analisecestabasica/2019/201908cestabasica.pdf,200,pdf,2026-09-18 05:42:50
201907,HTMLJulho - Custo da cesta diminui em todas as capitais,https://www.dieese.org.br/analisecestabasica/2019/201907cestabasica.pdf,200,pdf,2026-09-18 05:43:01
201906,HTMLJunho - Custo da cesta tem comportamento diferente entre as capitais,https://www.dieese.org.br/analisecestabasica/2019/201906cestabasica.pdf,200,pdf,2026-09-18 05:43:11
201905,HTMLMaio - Custo da cesta básica diminuiu em 13 capitais,https://www.dieese.org.br/analisecestabasica/2019/201905cestabasica.pdf,200,pdf,2026-09-18 05:43:22
201904,"HTMLAbril - Pelo segundo mês consecutivo, custo da cesta básica aumenta em todas as capitais",https://www.dieese.org.br/analisecestabasica/2019/201904cestabasica.pdf,200,pdf,2026-09-18 05:43:33
201903,HTMLMarço - Custo da cesta básica aumenta em todas as capitais em março,https://www.dieese.org.br/analisecestabasica/2019/201903cestabasica.pdf,200,pdf,2026-09-18 05:43:44
201902,HTMLFevereiro - Custo da cesta básica aumenta em 17 capitais,https://www.dieese.org.br/analisecestabasica/2019/201902cestabasica.pdf,200,pdf,2026-09-18 05:43:55
201901,HTMLJaneiro - Custo da cesta básica aumenta em nove e diminui em outras nove capitais,https://www.dieese.org.br/analisecestabasica/2019/201901cestabasica.pdf,200,pdf,2026-09-18 05:44:06
201812,HTMLDezembro - Valor da cesta básica aumenta em todas as capitais em 2018,https://www.dieese.org.br/analisecestabasica/analiseCestaBasica201812.html,200,html,2026-09-18 05:44:17
201811,HTMLNovembro - Custo da cesta básica aumenta na maior parte das capitais,https://www.dieese.org.br/analisecestabasica/analiseCestaBasica201811.html,200,html,2026-09-18 05:44:27
201810,HTMLOutubro - Preços do tomate e da batata elevam custo da cesta básica na maior parte das capitais,https://www.dieese.org.br/analisecestabasica/analiseCestaBasica201810.html,200,html,2026-09-18 05:44:38
201809,HTMLSetembro - Preço da cesta básica apresenta comportamento diversificado nas capitais,https://www.dieese.org.br/analisecestabasica/analiseCestaBasica201809.html,200,html,2026-09-18 05:44:48
201808,HTMLAgosto - Preço da cesta básica diminui na maior parte das capitais pelo segundo mês consecutivo,https://www.dieese.org.br/analisecestabasica/analiseCestaBasica201808.html,200,html,2026-09-18 05:44:59
201807,HTMLJulho - O custo da cesta básica diminuiu em 19 capitais,https://www.dieese.org.br/analisecestabasica/analiseCestaBasica201807.html,200,html,2026-09-18 05:45:09
201806,HTMLJunho - Custo da cesta básica aumenta pelo segundo mês consecutivo,https://www.dieese.org.br/analisecestabasica/analiseCestaBasica201806.html,200,html,2026-09-18 05:45:20
201805,HTMLMaio - Custo da cesta básica aumentou em 18 cidades,https://www.dieese.org.br/analisecestabasica/analiseCestaBasica201805.html,200,html,2026-09-18 05:45:31
201804,"HTMLAbril - Em abril, custo da cesta básica diminui em 16 capitais",https://www.dieese.org.br/analisecestabasica/analiseCestaBasica201804.html,200,html,2026-09-18 05:45:41
201803,"HTMLMarço - Em março, custo da cesta básica fica menor em 12 capitais",https://www.dieese.org.br/analisecestabasica/analiseCestaBasica201803.html,200,html,2026-09-18 05:45:52
201802,HTMLFevereiro - Cesta básica tem retração em 13 de 20 capitais pesquisadas,https://www.dieese.org.br/analisecestabasica/analiseCestaBasica201802.html,200,html,2026-09-18 05:46:03
201801,HTMLJaneiro - Custo da cesta básica aumentou nas 20 capitais,https://www.dieese.org.br/analisecestabasica/analiseCestaBasica201801.html,200,html,2026-09-18 05:46:13
201712,HTMLDezembro - Valor da cesta básica diminui em todas as capitais em 2017,https://www.dieese.org.br/analisecestabasica/analiseCestaBasica201712.html,200,html,2026-09-18 05:46:24
201711,HTMLNovembro - Custo da cesta básica diminuiu em 17 capitais,https://www.dieese.org.br/analisecestabasica/analiseCestaBasica201711.html,200,html,2026-09-18 05:46:35
201710,HTMLOutubro - Custo da cesta básica tem comportamento diversificado em outubro,https://www.dieese.org.br/analisecestabasica/analiseCestaBasica201710.html,200,html,2026-09-18 05:46:45
201709,HTMLSetembro - Custo da cesta básica segue em queda nas capitais pesquisadas,https://www.dieese.org.br/analisecestabasica/analiseCestaBasica201709.html,200,html,2026-09-18 05:46:56
201708,HTMLAgosto - Custo da cesta básica diminuiu na maior parte das capitais pesquisadas,https://www.dieese.org.br/analisecestabasica/analiseCestaBasica201708.html,200,html,2026-09-18 05:47:07
201707,HTMLJulho - Custo da cesta básica tem comportamento diferenciado nas capitais do país,https://www.dieese.org.br/analisecestabasica/analiseCestaBasica201707.html,200,html,2026-09-18 05:47:17
201706,HTMLJunho - Custo da cesta básica diminuiu em 23 capitais,https://www.dieese.org.br/analisecestabasica/analiseCestaBasica201706.html,200,html,2026-09-18 05:47:28
201705,HTMLMaio - Custo da cesta básica tem comportamento diversificado nas capitais,https://www.dieese.org.br/analisecestabasica/analiseCestaBasica201705.html,200,html,2026-09-18 05:47:39
201704,HTMLAbril - Custo da cesta básica sobe em todas as capitais,https://www.dieese.org.br/analisecestabasica/analiseCestaBasica201704.html,200,html,2026-09-18 05:47:49
201703,HTMLMarço - Custo da cesta básica sobe em 20 capitais,https://www.dieese.org.br/analisecestabasica/analiseCestaBasica201703.html,200,html,2026-09-18 05:48:00
201702,HTMLFevereiro - Custo da cesta básica diminui na maioria das capitais,https://www.dieese.org.br/analisecestabasica/analiseCestaBasica201702.html,200,html,2026-09-18 05:48:11
201701,HTMLJaneiro - Custo da cesta básica recuou em 20 capitais,https://www.dieese.org.br/analisecestabasica/analiseCestaBasica201701.html,200,html,2026-09-18 05:48:21
201612,HTMLdez - Valor da cesta básica aumenta em todas as capitais em 2016,https://www.dieese.org.br/analisecestabasica/analiseCestaBasica201612.html,200,html,2026-09-18 05:48:32
201611,HTMLnov - Custo da cesta básica recua em 25 capitais,https://www.dieese.org.br/analisecestabasica/analiseCestaBasica201611.html,200,html,2026-09-18 05:48:42
201610,HTMLout - Custo da cesta básica tem alta em 13 capitais e redução em 14,https://www.dieese.org.br/analisecestabasica/analiseCestaBasica201610.html,200,html,2026-09-18 05:48:53
201609,HTMLset - Custo da Cesta Básica tem comportamento diferenciado nas capitais pesquisadas,https://www.dieese.org.br/analisecestabasica/analiseCestaBasica201609.html,200,html,2026-09-18 05:49:03
201608,HTMLago - Custo da cesta básica aumenta na maior parte das capitais do Brasil,https://www.dieese.org.br/analisecestabasica/analiseCestaBasica201608.html,200,html,2026-09-18 05:49:14
201607,"HTMLjul - Pelo segundo mês consecutivo, feijão, manteiga e leite elevam o custo da cesta básica",https://www.dieese.org.br/analisecestabasica/analiseCestaBasica201607.html,200,html,2026-09-18 05:49:25
201606,"HTMLjun - Feijão, manteiga e leite elevam o custo da cesta básica",https://www.dieese.org.br/analisecestabasica/analiseCestaBasica201606.html,200,html,2026-09-18 05:49:35
201605,HTMLmai - Custo da Cesta Básica aumenta em 17 cidades,https://www.dieese.org.br/analisecestabasica/analiseCestaBasica201605.html,200,html,2026-09-18 05:49:46
201604,HTMLabr - 15 capitais apresentaram redução no custo da Cesta Básica,https://www.dieese.org.br/analisecestabasica/analiseCestaBasica201604.html,200,html,2026-09-18 05:49:57
201603,HTMLmar - Comportamento do custo da Cesta Básica se diferencia nas capitais do Brasil,https://www.dieese.org.br/analisecestabasica/analiseCestaBasica201603.html,200,html,2026-09-18 05:50:08
201602,HTMLfev - Custo da Cesta Básica oscila nas capitais do Brasil,https://www.dieese.org.br/analisecestabasica/analiseCestaBasica201602.html,200,html,2026-09-18 05:50:18
201601,HTMLjan - Custo da Cesta Básica aumenta em todas as cidades,https://www.dieese.org.br/analisecestabasica/analiseCestaBasica201601.html,200,html,2026-09-18 05:50:29
201512,HTMLdez - Valor da cesta básica aumenta em todas as capitais em 2015,https://www.dieese.org.br/analisecestabasica/analiseCestaBasica201512.html,200,html,2026-09-18 05:50:39
201511,HTMLnov - Custo da cesta básica aumenta em todas as cidades,https://www.dieese.org.br/analisecestabasica/analiseCestaBasica201511.html,200,html,2026-09-18 05:50:50
201510,HTMLout - Custo da Cesta básica tem comportamento diferenciado nas capitais pesquisadas,https://www.dieese.org.br/analisecestabasica/analiseCestaBasica201510.html,200,html,2026-09-18 05:51:01
201509,HTMLset - Cesta básica diminui em 13 cidades,https://www.dieese.org.br/analisecestabasica/analiseCestaBasica201509.html,200,html,2026-09-18 05:51:12
201508,HTMLago - Valor da cesta básica diminui em 15 cidades,https://www.dieese.org.br/analisecestabasica/analiseCestaBasica201508.html,200,html,2026-09-18 05:51:22
201507,HTMLjul - Conjunto de alimentos básicos tem queda em 11 cidades,https://www.dieese.org.br/analisecestabasica/analiseCestaBasica201507.html,200,html,2026-09-18 05:51:33
201506,HTMLjun - Preço da cesta básica diminui em quinze cidades,https://www.dieese.org.br/analisecestabasica/analiseCestaBasica201506.html,200,html,2026-09-18 05:51:44
201505,"HTMLmai - Pelo segundo mês consecutivo, o preço da cesta básica aumenta em 17 cidades",https://www.dieese.org.br/analisecestabasica/analiseCestaBasica201505.html,200,html,2026-09-18 05:51:54
201504,HTMLabr - Preço da cesta básica aumenta em 17 cidades,https://www.dieese.org.br/analisecestabasica/analiseCestaBasica201504.html,200,html,2026-09-18 05:52:05
201503,HTMLmar - Preço da cesta básica aumenta em 13 cidades,https://www.dieese.org.br/analisecestabasica/analiseCestaBasica201503.html,200,html,2026-09-18 05:52:16
201502,HTMLfev - Cesta básica aumenta em 14 capitais,https://www.dieese.org.br/analisecestabasica/analiseCestaBasica201502.html,200,html,2026-09-18 05:52:26
201501,HTMLjan - Cesta básica aumenta em quase todas as capitais,https://www.dieese.org.br/analisecestabasica/analiseCestaBasica201501.html,200,html,2026-09-18 05:52:37
201412,HTMLdez - Valor da cesta básica aumenta em 17 capitais em 2014,https://www.dieese.org.br/analisecestabasica/analiseCestaBasica201412.html,200,html,2026-09-18 05:52:48
201411,HTMLnov - Cesta Básica tem aumento em 12 cidades,https://www.dieese.org.br/analisecestabasica/analiseCestaBasica201411.html,200,html,2026-09-18 05:52:58
201410,HTMLout - Valor da Cesta Básica aumenta em 12 cidades,https://www.dieese.org.br/analisecestabasica/analiseCestaBasica201410.html,200,html,2026-09-18 05:53:09
201409,HTMLset - Preço da carne sobe em todas as capitais,https://www.dieese.org.br/analisecestabasica/analiseCestaBasica201409.html,200,html,2026-09-18 05:53:19
201408,"HTMLago - Pelo segundo mês consecutivo, valor da cesta básica recua em todas as capitais",https://www.dieese.org.br/analisecestabasica/analiseCestaBasica201408.html,200,html,2026-09-18 05:53:30
201407,HTMLjul - Valor da cesta básica recua em todas capitais,https://www.dieese.org.br/analisecestabasica/analiseCestaBasica201407.html,200,html,2026-09-18 05:53:41
201406,HTMLjun - Valor da cesta básica recua em 10 capitais,https://www.dieese.org.br/analisecestabasica/analiseCestaBasica201406.html,200,html,2026-09-18 05:53:51
201405,HTMLmai - Valor da cesta básica aumenta em 15 capitais,https://www.dieese.org.br/analisecestabasica/analiseCestaBasica201405.html,200,html,2026-09-18 05:54:02
201404,HTMLabr - Cesta básica: preços aumentam em 17 capitais,https://www.dieese.org.br/analisecestabasica/analiseCestaBasica201404.html,200,html,2026-09-18 05:54:13
201403,HTMLmar - Cesta básica: preços aumentam em 16 capitais,https://www.dieese.org.br/analisecestabasica/analiseCestaBasica201403.html,200,html,2026-09-18 05:54:23
201402,HTMLfev - Custo da cesta aumenta em metade das capitais pesquisadas,https://www.dieese.org.br/analisecestabasica/analiseCestaBasica201402.html,200,html,2026-09-18 05:54:34
201401,HTMLjan - Preço da cesta sobe em nove cidades e cai em outras nove,https://www.dieese.org.br/analisecestabasica/analiseCestaBasica201401.html,200,html,2026-09-18 05:54:44
201312,HTMLdez - Valor da cesta básica aumenta em todas as capitais em 2013,https://www.dieese.org.br/analisecestabasica/analiseCestaBasica201312.html,200,html,2026-09-18 05:54:55
201311,HTMLnov - Preço da cesta básica aumenta em 15 capitais,https://www.dieese.org.br/analisecestabasica/analiseCestaBasica201311.html,200,html,2026-09-18 05:55:06
201310,HTMLout - Cesta básica aumenta em 15 cidades,https://www.dieese.org.br/analisecestabasica/analiseCestaBasica201310.html,200,html,2026-09-18 05:55:16
201309,HTMLset - Cesta básica mais barata em 14 cidades,https://www.dieese.org.br/analisecestabasica/analiseCestaBasica201309.html,200,html,2026-09-18 05:55:27
201308,HTMLago - Cesta básica mais barata em 13 cidades,https://www.dieese.org.br/analisecestabasica/analiseCestaBasica201308.html,200,html,2026-09-18 05:55:37
201307,HTMLjul - Queda do preço da Cesta básica é observada em todas as capitais,https://www.dieese.org.br/analisecestabasica/analiseCestaBasica201307.html,200,html,2026-09-18 05:55:48
201306,HTMLjun - Cesta básica mais barata em 10 capitais,https://www.dieese.org.br/analisecestabasica/analiseCestaBasica201306.html,200,html,2026-09-18 05:55:59
201305,HTMLmai - Cesta básica mais barata em 12 cidades,https://www.dieese.org.br/analisecestabasica/analiseCestaBasica201305.html,200,html,2026-09-18 05:56:09
201304,HTMLabr - Preços aumentam em 12 capitais,https://www.dieese.org.br/analisecestabasica/analiseCestaBasica201304.html,200,html,2026-09-18 05:56:20
201303,HTMLmar - Preços aumentam em 16 capitais,https://www.dieese.org.br/analisecestabasica/analiseCestaBasica201303.html,200,html,2026-09-18 05:56:31
201302,HTMLfev - Cesta básica mantém tendência de alta,https://www.dieese.org.br/analisecestabasica/analiseCestaBasica201302.html,200,html,2026-09-18 05:56:41
201301,HTMLjan - Cesta básica aumenta em todas capitais em janeiro,https://www.dieese.org.br/analisecestabasica/analiseCestaBasica201301.html,200,html,2026-09-18 05:56:52
201212,HTMLdez - Cesta básica aumenta em todas capitais em 2012,https://www.dieese.org.br/analisecestabasica/analiseCestaBasica201212.html,200,html,2026-09-18 05:57:03
201211,HTMLnov - Cesta básica mais barata em 13 capitais,https://www.dieese.org.br/analisecestabasica/analiseCestaBasica201211.html,200,html,2026-09-18 05:57:14
201210,HTMLout - Nove cidades têm alta no preço da cesta,https://www.dieese.org.br/analisecestabasica/analiseCestaBasica201210.html,200,html,2026-09-18 05:57:24
201209,HTMLset - Preço da cesta básica sobe em nove capitais,https://www.dieese.org.br/analisecestabasica/analiseCestaBasica201209.html,200,html,2026-09-18 05:57:35
201208,HTMLago - Preços da cesta apresentam alta em 15 capitais,https://www.dieese.org.br/analisecestabasica/analiseCestaBasica201208.html,200,html,2026-09-18 05:57:46
201207,HTMLjul - Cesta Básica aumenta em todas as capitais,https://www.dieese.org.br/analisecestabasica/analiseCestaBasica201207.html,200,html,2026-09-18 05:57:56
201206,HTMLjun - Preço da Cesta cai só em 3 capitais,https://www.dieese.org.br/analisecestabasica/analiseCestaBasica201206.html,200,html,2026-09-18 05:58:07
201205,HTMLmai - Preço da cesta sobe em 15 capitais,https://www.dieese.org.br/analisecestabasica/analiseCestaBasica201205.html,200,html,2026-09-18 05:58:17
201204,HTMLabr - Alimentos básicos voltam a subir na maioria das capitais,https://www.dieese.org.br/analisecestabasica/analiseCestaBasica201204.html,200,html,2026-09-18 05:58:28
201203,HTMLmar - Alimentos básicos têm queda em 11 capitais,https://www.dieese.org.br/analisecestabasica/analiseCestaBasica201203.html,200,html,2026-09-18 05:58:39
201202,HTMLfev - Doze cidades têm queda no preço da cesta básica,https://www.dieese.org.br/analisecestabasica/analiseCestaBasica201202.html,200,html,2026-09-18 05:58:49
201201,"HTMLjan - Em janeiro, preço da cesta só cai em duas capitais",https://www.dieese.org.br/analisecestabasica/analiseCestaBasica201201.html,200,html,2026-09-18 05:59:00
201112,"HTMLdez - Em três capitais, alta da cesta supera 10%, em 2011",https://www.dieese.org.br/analisecestabasica/analiseCestaBasica201112.html,200,html,2026-09-18 05:59:11
201111,HTMLnov - Cesta básica fica mais cara em 15 capitais,https://www.dieese.org.br/analisecestabasica/analiseCestaBasica201111.html,200,html,2026-09-18 05:59:21
201110,HTMLout - Cesta básica volta a subir na maior parte das capitais,https://www.dieese.org.br/analisecestabasica/analiseCestaBasica201110.html,200,html,2026-09-18 05:59:31
201109,HTMLset - Nove capitais têm queda no preço da cesta,https://www.dieese.org.br/analisecestabasica/analiseCestaBasica201109.html,200,html,2026-09-18 05:59:42
201108,HTMLago - Cesta básica volta a subir na maior parte das capitais,https://www.dieese.org.br/analisecestabasica/analiseCestaBasica201108.html,200,html,2026-09-18 05:59:52
201107,HTMLjul - Preço da cesta cai em 14 capitais,https://www.dieese.org.br/analisecestabasica/analiseCestaBasica201107.html,200,html,2026-09-18 06:00:04
201106,"HTMLjun - Apenas cinco capitais têm queda no preço da cesta, em junho",https://www.dieese.org.br/analisecestabasica/analiseCestaBasica201106.html,200,html,2026-09-18 06:00:14
201105,"HTMLmai - Cestas Básicas variam de -1,79% até 2,79%",https://www.dieese.org.br/analisecestabasica/analiseCestaBasica201105.html,200,html,2026-09-18 06:00:25
201104,HTMLabr - Cesta Básica: preços caem em 14 capitais,https://www.dieese.org.br/analisecestabasica/analiseCestaBasica201104.html,200,html,2026-09-18 06:00:36
201103,HTMLmar - Cesta básica fica mais cara em 14 capitais,https://www.dieese.org.br/analisecestabasica/analiseCestaBasica201103.html,200,html,2026-09-18 06:00:46
201102,HTMLfev - Preço da cesta cai em nove capitais,https://www.dieese.org.br/analisecestabasica/analiseCestaBasica201102.html,200,html,2026-09-18 06:00:57
201101,HTMLjan - Ainda predominam os aumentos para a cesta em janeiro,https://www.dieese.org.br/analisecestabasica/analiseCestaBasica201101.html,200,html,2026-09-18 06:01:08
201012,HTMLdez - Custo da cesta básica tem forte alta na maioria das capitais em 2010,https://www.dieese.org.br/analisecestabasica/analiseCestaBasica201012.html,200,html,2026-09-18 06:01:18
201011,HTMLnov - Preços dos alimentos básicos sobem nas 17 capitais pesquisadas,https://www.dieese.org.br/analisecestabasica/analiseCestaBasica201011.html,200,html,2026-09-18 06:01:29
201010,HTMLout - Alimentos básicos ficam mais caros pelo segundo mês consecutivo,https://www.dieese.org.br/analisecestabasica/analiseCestaBasica201010.html,200,html,2026-09-18 06:01:40
201009,HTMLset - Preços da cesta sobem em setembro,https://www.dieese.org.br/analisecestabasica/analiseCestaBasica201009.html,200,html,2026-09-18 06:01:51
201008,HTMLago - Agosto ainda tem recuo nos preços da cesta,https://www.dieese.org.br/analisecestabasica/analiseCestaBasica201008.html,200,html,2026-09-18 06:02:01
201007,HTMLjul - Redução do preço de alimentos básicos continua pelo terceiro mês,https://www.dieese.org.br/analisecestabasica/analiseCestaBasica201007.html,200,html,2026-09-18 06:02:12
201006,HTMLjun - Cesta Básica: preços continuam em queda,https://www.dieese.org.br/analisecestabasica/analiseCestaBasica201006.html,200,html,2026-09-18 06:02:22
201005,HTMLmai - Doze capitais têm queda no preço dos alimentos essenciais,https://www.dieese.org.br/analisecestabasica/analiseCestaBasica201005.html,200,html,2026-09-18 06:02:33
201004,HTMLabr - Tendência de alta no preço da cesta persiste,https://www.dieese.org.br/analisecestabasica/analiseCestaBasica201004.html,200,html,2026-09-18 06:02:43
201003,"HTMLmar - Alta no custo da cesta chega a 10,49%",https://www.dieese.org.br/analisecestabasica/analiseCestaBasica201003.html,200,html,2026-09-18 06:02:54
201002,HTMLfev - Cesta básica mantém tendência de alta,https://www.dieese.org.br/analisecestabasica/analiseCestaBasica201002.html,200,html,2026-09-18 06:03:05
201001,HTMLjan - Cesta básica sobe em 10 capitais,https://www.dieese.org.br/analisecestabasica/analiseCestaBasica201001.html,200,html,2026-09-18 06:03:15
200912,HTMLdez - Custo da cesta básica tem redução em 2009,https://www.dieese.org.br/analisecestabasica/analiseCestaBasica200912.html,200,html,2026-09-18 06:03:26
200911,HTMLnov - Cesta básica sobe em 14 capitais,https://www.dieese.org.br/analisecestabasica/analiseCestaBasica200911.html,200,html,2026-09-18 06:03:36
200910,HTMLout - Maioria das capitais registra alta na cesta básica,https://www.dieese.org.br/analisecestabasica/analiseCestaBasica200910.html,200,html,2026-09-18 06:03:47
200909,HTMLset - Açúcar e tomate encarecem a Cesta Básica,https://www.dieese.org.br/analisecestabasica/analiseCestaBasica200909.html,200,html,2026-09-18 06:03:58
200908,HTMLago - Nove capitais têm queda no preço da cesta,https://www.dieese.org.br/analisecestabasica/analiseCestaBasica200908.html,200,html,2026-09-18 06:04:08
200907,HTMLjul - Cesta básica está mais barata que há um ano,https://www.dieese.org.br/analisecestabasica/analiseCestaBasica200907.html,200,html,2026-09-18 06:04:19
200906,HTMLjun - Cesta básica tem alta moderada na maioria das capitais,https://www.dieese.org.br/analisecestabasica/analiseCestaBasica200906.html,200,html,2026-09-18 06:04:29
200905,HTMLmai - Maioria das capitais tem alta no preço da cesta básica,https://www.dieese.org.br/analisecestabasica/analiseCestaBasica200905.html,200,html,2026-09-18 06:04:40
200904,HTMLabr - Preço da cesta básica diminui em 7 capitais,https://www.dieese.org.br/analisecestabasica/analiseCestaBasica200904.html,200,html,2026-09-18 06:04:51
200903,"HTMLmar - Cesta básica tem recuo de até 7,80%",https://www.dieese.org.br/analisecestabasica/analiseCestaBasica200903.html,200,html,2026-09-18 06:05:01
200902,"HTMLfev - Alimentos essenciais sobem apenas em três capitais, em fevereiro",https://www.dieese.org.br/analisecestabasica/analiseCestaBasica200902.html,200,html,2026-09-18 06:05:12
200901,"HTMLjan - Custo da cesta básica tem queda em 10 capitais, em janeiro",https://www.dieese.org.br/analisecestabasica/analiseCestaBasica200901.html,200,html,2026-09-18 06:05:23
200812,"HTMLdez - Em 2008, cesta básica subiu até 29,31%",https://www.dieese.org.br/analisecestabasica/analiseCestaBasica200812.html,200,html,2026-09-18 06:05:33
200811,HTMLnov - Ritmo de alta é menor em novembro,https://www.dieese.org.br/analisecestabasica/analiseCestaBasica200811.html,200,html,2026-09-18 06:05:44
200810,HTMLout - Alimentos sobem em outubro,https://www.dieese.org.br/analisecestabasica/analiseCestaBasica200810.html,200,html,2026-09-18 06:05:55
200809,HTMLset - Preços continuam em queda em 14 capitais,https://www.dieese.org.br/analisecestabasica/analiseCestaBasica200809.html,200,html,2026-09-18 06:06:06
200808,HTMLago - Preços recuam em 15 capitais,https://www.dieese.org.br/analisecestabasica/analiseCestaBasica200808.html,200,html,2026-09-18 06:06:16
200807,HTMLjul - Alimentos continuam em alta em 14 capitais,https://www.dieese.org.br/analisecestabasica/analiseCestaBasica200807.html,200,html,2026-09-18 06:06:27
200806,HTMLjun - Custo da cesta básica aumenta em 14 capitais,https://www.dieese.org.br/analisecestabasica/analiseCestaBasica200806.html,200,html,2026-09-18 06:06:37
200805,HTMLmai - Preços de alimentos básicos continuam em alta,https://www.dieese.org.br/analisecestabasica/analiseCestaBasica200805.html,200,html,2026-09-18 06:06:48
200804,HTMLabr - Alimentos básicos sobem em 16 capitais,https://www.dieese.org.br/analisecestabasica/analiseCestaBasica200804.html,200,html,2026-09-18 06:06:59
200803,HTMLmar - Alta volta a predominar para os produtos básicos,https://www.dieese.org.br/analisecestabasica/analiseCestaBasica200803.html,200,html,2026-09-18 06:07:09
200802,HTMLfev - Custo da cesta básica recua em 11 capitais,https://www.dieese.org.br/analisecestabasica/analiseCestaBasica200802.html,200,html,2026-09-18 06:07:20
200801,HTMLjan - Cesta básica tem alta em janeiro,https://www.dieese.org.br/analisecestabasica/analiseCestaBasica200801.html,200,html,2026-09-18 06:07:31
200712,"HTMLdez - Em 2007, cesta básica tem forte alta",https://www.dieese.org.br/analisecestabasica/analiseCestaBasica200712.html,200,html,2026-09-18 06:07:41
200711,"HTMLnov - Novamente, cesta básica sobe em 11 capitais",https://www.dieese.org.br/analisecestabasica/analiseCestaBasica200711.html,200,html,2026-09-18 06:07:52
200710,HTMLout - Cesta básica sobe em 11 capitais,https://www.dieese.org.br/analisecestabasica/analiseCestaBasica200710.html,200,html,2026-09-18 06:08:03
200709,HTMLset - Cesta básica sobe menos,https://www.dieese.org.br/analisecestabasica/analiseCestaBasica200709.html,200,html,2026-09-18 06:08:13
200708,HTMLago - Cesta básica sobe em todas as capitais,https://www.dieese.org.br/analisecestabasica/analiseCestaBasica200708.html,200,html,2026-09-18 06:08:24
200707,HTMLjul - Cesta básica sobe em nove capitais,https://www.dieese.org.br/analisecestabasica/analiseCestaBasica200707.html,200,html,2026-09-18 06:08:35
200706,HTMLjun - Preço da cesta básica tem comportamento heterogêneo em junho,https://www.dieese.org.br/analisecestabasica/analiseCestaBasica200706.html,200,html,2026-09-18 06:08:45
200705,HTMLmai - Custo da cesta básica cai em 16 capitais,https://www.dieese.org.br/analisecestabasica/analiseCestaBasica200705.html,200,html,2026-09-18 06:08:56
200704,"HTMLabr - Em quatro capitais, custo da cesta continua em alta",https://www.dieese.org.br/analisecestabasica/analiseCestaBasica200704.html,200,html,2026-09-18 06:09:06
200703,HTMLmar - Cesta básica sobe em todas as capitais,https://www.dieese.org.br/analisecestabasica/analiseCestaBasica200703.html,200,html,2026-09-18 06:09:17
200702,HTMLfev - Preço da cesta básica continua em alta,https://www.dieese.org.br/analisecestabasica/analiseCestaBasica200702.html,200,html,2026-09-18 06:09:27
200701,HTMLjan - Ano começa com alta no preço da cesta básica,https://www.dieese.org.br/analisecestabasica/analiseCestaBasica200701.html,200,html,2026-09-18 06:09:38
200612,"HTMLdez - Em 2006, custo da cesta sobe apenas em três capitais",https://www.dieese.org.br/analisecestabasica/analiseCestaBasica200612.html,200,html,2026-09-18 06:09:49
200611,HTMLnov - Cesta básica tem forte alta em novembro,https://www.dieese.org.br/analisecestabasica/analiseCestaBasica200611.html,200,html,2026-09-18 06:09:59
200610,HTMLout - Preço da cesta sobe em 14 capitais,https://www.dieese.org.br/analisecestabasica/analiseCestaBasica200610.html,200,html,2026-09-18 06:10:10
200609,HTMLset - Onze capitais registram alta na cesta básica,https://www.dieese.org.br/analisecestabasica/analiseCestaBasica200609.html,200,html,2026-09-18 06:10:21
200608,HTMLago - Cesta básica repete comportamento de julho e tem queda em 14 capitais,https://www.dieese.org.br/analisecestabasica/analiseCestaBasica200608.html,200,html,2026-09-18 06:10:31
200607,HTMLjul - Cesta básica tem queda em 14 capitais,https://www.dieese.org.br/analisecestabasica/analiseCestaBasica200607.html,200,html,2026-09-18 06:10:42
200606,HTMLjun - Preços de alimentos essenciais continuam em queda,https://www.dieese.org.br/analisecestabasica/analiseCestaBasica200606.html,200,html,2026-09-18 06:10:53
200605,HTMLmai - Alimentos básicos caem em metade das capitais,https://www.dieese.org.br/analisecestabasica/analiseCestaBasica200605.html,200,html,2026-09-18 06:11:03
200604,HTMLabr - Preço da cesta básica só recua em Brasília,https://www.dieese.org.br/analisecestabasica/analiseCestaBasica200604.html,200,html,2026-09-18 06:11:14
200603,HTMLmar - Cesta básica tem alta em nove capitais,https://www.dieese.org.br/analisecestabasica/analiseCestaBasica200603.html,200,html,2026-09-18 06:11:24
200602,HTMLfev - Preços da cesta continuam em queda,https://www.dieese.org.br/analisecestabasica/analiseCestaBasica200602.html,200,html,2026-09-18 06:11:35
200601,HTMLjan - 2006 começa com queda no preço da cesta básica,https://www.dieese.org.br/analisecestabasica/analiseCestaBasica200601.html,200,html,2026-09-18 06:11:45
200512,"HTMLdez - Em 2005, cesta básica tem aumentos entre 0,15% e 16,16%",https://www.dieese.org.br/analisecestabasica/analiseCestaBasica200512.html,200,html,2026-09-18 06:11:56
200511,HTMLnov - Cesta Básica sobe em todas as capitais,https://www.dieese.org.br/analisecestabasica/analiseCestaBasica200511.html,200,html,2026-09-18 06:12:07
200510,HTMLout - Cesta Básica sobe na maior parte das capitais,https://www.dieese.org.br/analisecestabasica/analiseCestaBasica200510.html,200,html,2026-09-18 06:12:18
200509,HTMLset - Cesta Básica mantém tendência de queda na maioria das cidades,https://www.dieese.org.br/analisecestabasica/analiseCestaBasica200509.html,200,html,2026-09-18 06:12:28
200508,HTMLago - Cesta Básica tem queda em 16 capitais no mês e em um ano,https://www.dieese.org.br/analisecestabasica/analiseCestaBasica200508.html,200,html,2026-09-18 06:12:39
200507,HTMLjul - Apenas uma capital tem alta no custo da Cesta Básica,https://www.dieese.org.br/analisecestabasica/analiseCestaBasica200507.html,200,html,2026-09-18 06:12:49
200506,HTMLjun - Maioria das capitais tem redução no custo da Cesta Básica,https://www.dieese.org.br/analisecestabasica/analiseCestaBasica200506.html,200,html,2026-09-18 06:13:00
200505,HTMLmai - Alimentos essenciais sobem em todas as capitais,https://www.dieese.org.br/analisecestabasica/analiseCestaBasica200505.html,200,html,2026-09-18 06:13:11
200504,HTMLabr - Cesta Básica sobe em 15 capitais,https://www.dieese.org.br/analisecestabasica/analiseCestaBasica200504.html,200,html,2026-09-18 06:13:21
200503,"HTMLmar - Cesta Básica tem variações entre -5,22% e 4,31%",https://www.dieese.org.br/analisecestabasica/analiseCestaBasica200503.html,200,html,2026-09-18 06:13:32
200502,HTMLfev - Treze cidades registram alta no preço da cesta em fevereiro,https://www.dieese.org.br/analisecestabasica/analiseCestaBasica200502.html,200,html,2026-09-18 06:13:42
200501,HTMLjan - Cesta básica: quatro cidades com queda em janeiro; dez têm retração em doze meses,https://www.dieese.org.br/analisecestabasica/analiseCestaBasica200501.html,200,html,2026-09-18 06:13:53
