fonte_id,dataset,endpoint,url,data_hora_coleta,status_http,arquivo_bruto,tamanho_bytes,recurso_nome,recurso_url,recurso_formato,observacoes
TSE-CKAN,candidatos-1994,package_show + download,https://dadosabertos.tse.jus.br/api/3/action/package_show?id=candidatos-1994,2026-09-18T17:44:32.559360+00:00,200,projeto\dados_brutos\tse\Candidatos_1994.zip,1266048,Candidatos,https://cdn.tse.jus.br/estatistica/sead/odsele/consulta_cand/consulta_cand_1994.zip,ZIP,Ja existente
TSE-CKAN,candidatos-1994,package_show + download,https://dadosabertos.tse.jus.br/api/3/action/package_show?id=candidatos-1994,2026-09-18T17:44:32.559360+00:00,200,projeto\dados_brutos\tse\Candidatos_-_Informações_complementares_1994.zip,458019,Candidatos - Informações complementares,https://cdn.tse.jus.br/estatistica/sead/odsele/consulta_cand_complementar/consulta_cand_complementar_1994.zip,ZIP,Ja existente
TSE-CKAN,candidatos-1994,package_show + download,https://dadosabertos.tse.jus.br/api/3/action/package_show?id=candidatos-1994,2026-09-18T17:44:32.559360+00:00,200,projeto\dados_brutos\tse\Vagas_1994.zip,182834,Vagas,https://cdn.tse.jus.br/estatistica/sead/odsele/consulta_vagas/consulta_vagas_1994.zip,ZIP,Ja existente
TSE-CKAN,resultados-1994,package_show + download,https://dadosabertos.tse.jus.br/api/3/action/package_show?id=resultados-1994,2026-09-18T17:44:32.559360+00:00,200,projeto\dados_brutos\tse\Votação_nominal_por_município_e_zona_1994.zip,42301735,Votação nominal por município e zona,https://cdn.tse.jus.br/estatistica/sead/odsele/votacao_candidato_munzona/votacao_candidato_munzona_1994.zip,ZIP,Ja existente
TSE-CKAN,resultados-1994,package_show + download,https://dadosabertos.tse.jus.br/api/3/action/package_show?id=resultados-1994,2026-09-18T17:44:32.559360+00:00,200,projeto\dados_brutos\tse\Votação_em_partido_por_município_e_zona_1994.zip,9409623,Votação em partido por município e zona,https://cdn.tse.jus.br/estatistica/sead/odsele/votacao_partido_munzona/votacao_partido_munzona_1994.zip,ZIP,Ja existente
TSE-CKAN,resultados-1994,package_show + download,https://dadosabertos.tse.jus.br/api/3/action/package_show?id=resultados-1994,2026-09-18T17:44:32.559360+00:00,200,projeto\dados_brutos\tse\Detalhe_da_apuração_por_município_e_zona_1994.zip,1594934,Detalhe da apuração por município e zona,https://cdn.tse.jus.br/estatistica/sead/odsele/detalhe_votacao_munzona/detalhe_votacao_munzona_1994.zip,ZIP,Ja existente
TSE-CKAN,candidatos-1998,package_show + download,https://dadosabertos.tse.jus.br/api/3/action/package_show?id=candidatos-1998,2026-09-18T17:44:32.559360+00:00,200,projeto\dados_brutos\tse\Candidatos_1998.zip,2887535,Candidatos,https://cdn.tse.jus.br/estatistica/sead/odsele/consulta_cand/consulta_cand_1998.zip,ZIP,Ja existente
TSE-CKAN,candidatos-1998,package_show + download,https://dadosabertos.tse.jus.br/api/3/action/package_show?id=candidatos-1998,2026-09-18T17:44:32.559360+00:00,200,projeto\dados_brutos\tse\Coligações_1998.zip,416978,Coligações,https://cdn.tse.jus.br/estatistica/sead/odsele/consulta_coligacao/consulta_coligacao_1998.zip,ZIP,Ja existente
TSE-CKAN,candidatos-1998,package_show + download,https://dadosabertos.tse.jus.br/api/3/action/package_show?id=candidatos-1998,2026-09-18T17:44:32.559360+00:00,200,projeto\dados_brutos\tse\Vagas_1998.zip,181562,Vagas,https://cdn.tse.jus.br/estatistica/sead/odsele/consulta_vagas/consulta_vagas_1998.zip,ZIP,Ja existente
TSE-CKAN,resultados-1998,package_show + download,https://dadosabertos.tse.jus.br/api/3/action/package_show?id=resultados-1998,2026-09-18T17:44:32.559360+00:00,200,projeto\dados_brutos\tse\Votação_nominal_por_município_e_zona_1998.zip,106050738,Votação nominal por município e zona,https://cdn.tse.jus.br/estatistica/sead/odsele/votacao_candidato_munzona/votacao_candidato_munzona_1998.zip,ZIP,Ja existente
TSE-CKAN,resultados-1998,package_show + download,https://dadosabertos.tse.jus.br/api/3/action/package_show?id=resultados-1998,2026-09-18T17:44:32.559360+00:00,200,projeto\dados_brutos\tse\Votação_em_partido_por_município_e_zona_1998.zip,7525027,Votação em partido por município e zona,https://cdn.tse.jus.br/estatistica/sead/odsele/votacao_partido_munzona/votacao_partido_munzona_1998.zip,ZIP,Ja existente
TSE-CKAN,resultados-1998,package_show + download,https://dadosabertos.tse.jus.br/api/3/action/package_show?id=resultados-1998,2026-09-18T17:44:32.559360+00:00,200,projeto\dados_brutos\tse\Detalhe_da_apuração_por_município_e_zona_1998.zip,3356350,Detalhe da apuração por município e zona,https://cdn.tse.jus.br/estatistica/sead/odsele/detalhe_votacao_munzona/detalhe_votacao_munzona_1998.zip,ZIP,Ja existente
TSE-CKAN,resultados-1998,package_show + download,https://dadosabertos.tse.jus.br/api/3/action/package_show?id=resultados-1998,2026-09-18T17:44:32.559360+00:00,200,projeto\dados_brutos\tse\Detalhe_da_apuração_por_seção_eleitoral_1998.zip,38623857,Detalhe da apuração por seção eleitoral,https://cdn.tse.jus.br/estatistica/sead/odsele/detalhe_votacao_secao/detalhe_votacao_secao_1998.zip,ZIP,Ja existente
TSE-CKAN,resultados-1998,package_show + download,https://dadosabertos.tse.jus.br/api/3/action/package_show?id=resultados-1998,2026-09-18T17:44:32.559360+00:00,200,projeto\dados_brutos\tse\Presidente_-_Votação_por_seção_eleitoral_–_1998_1998.zip,2841465,Presidente - Votação por seção eleitoral – 1998,https://cdn.tse.jus.br/estatistica/sead/odsele/votacao_secao/votacao_secao_1998_BR.zip,ZIP,Ja existente
TSE-CKAN,resultados-1998,package_show + download,https://dadosabertos.tse.jus.br/api/3/action/package_show?id=resultados-1998,2026-09-18T17:44:32.559360+00:00,200,projeto\dados_brutos\tse\AC_-_Votação_por_seção_eleitoral_-_1998_1998.zip,1548251,AC - Votação por seção eleitoral - 1998,https://cdn.tse.jus.br/estatistica/sead/odsele/votacao_secao/votacao_secao_1998_AC.zip,ZIP,Ja existente
TSE-CKAN,resultados-1998,package_show + download,https://dadosabertos.tse.jus.br/api/3/action/package_show?id=resultados-1998,2026-09-18T17:44:32.559360+00:00,200,projeto\dados_brutos\tse\AL_-_Votação_por_seção_eleitoral_-_1998_1998.zip,3721877,AL - Votação por seção eleitoral - 1998,https://cdn.tse.jus.br/estatistica/sead/odsele/votacao_secao/votacao_secao_1998_AL.zip,ZIP,Ja existente
TSE-CKAN,resultados-1998,package_show + download,https://dadosabertos.tse.jus.br/api/3/action/package_show?id=resultados-1998,2026-09-18T17:44:32.559360+00:00,200,projeto\dados_brutos\tse\AP_-_Votação_por_seção_eleitoral_-_1998_1998.zip,1465592,AP - Votação por seção eleitoral - 1998,https://cdn.tse.jus.br/estatistica/sead/odsele/votacao_secao/votacao_secao_1998_AP.zip,ZIP,Ja existente
TSE-CKAN,resultados-1998,package_show + download,https://dadosabertos.tse.jus.br/api/3/action/package_show?id=resultados-1998,2026-09-18T17:44:32.559360+00:00,200,projeto\dados_brutos\tse\AM_-_Votação_por_seção_eleitoral_-_1998_1998.zip,4602892,AM - Votação por seção eleitoral - 1998,https://cdn.tse.jus.br/estatistica/sead/odsele/votacao_secao/votacao_secao_1998_AM.zip,ZIP,Ja existente
TSE-CKAN,resultados-1998,package_show + download,https://dadosabertos.tse.jus.br/api/3/action/package_show?id=resultados-1998,2026-09-18T17:44:32.559360+00:00,200,projeto\dados_brutos\tse\BA_-_Votação_por_seção_eleitoral_-_1998_1998.zip,18051879,BA - Votação por seção eleitoral - 1998,https://cdn.tse.jus.br/estatistica/sead/odsele/votacao_secao/votacao_secao_1998_BA.zip,ZIP,Ja existente
TSE-CKAN,resultados-1998,package_show + download,https://dadosabertos.tse.jus.br/api/3/action/package_show?id=resultados-1998,2026-09-18T17:44:32.559360+00:00,200,projeto\dados_brutos\tse\CE_-_Votação_por_seção_eleitoral_-_1998_1998.zip,11685233,CE - Votação por seção eleitoral - 1998,https://cdn.tse.jus.br/estatistica/sead/odsele/votacao_secao/votacao_secao_1998_CE.zip,ZIP,Ja existente
TSE-CKAN,resultados-1998,package_show + download,https://dadosabertos.tse.jus.br/api/3/action/package_show?id=resultados-1998,2026-09-18T17:44:32.559360+00:00,200,projeto\dados_brutos\tse\DF_-_Votação_por_seção_eleitoral_-_1998_1998.zip,5931008,DF - Votação por seção eleitoral - 1998,https://cdn.tse.jus.br/estatistica/sead/odsele/votacao_secao/votacao_secao_1998_DF.zip,ZIP,Ja existente
TSE-CKAN,resultados-1998,package_show + download,https://dadosabertos.tse.jus.br/api/3/action/package_show?id=resultados-1998,2026-09-18T17:44:32.559360+00:00,200,projeto\dados_brutos\tse\ES_-_Votação_por_seção_eleitoral_-_1998_1998.zip,5554363,ES - Votação por seção eleitoral - 1998,https://cdn.tse.jus.br/estatistica/sead/odsele/votacao_secao/votacao_secao_1998_ES.zip,ZIP,Ja existente
TSE-CKAN,resultados-1998,package_show + download,https://dadosabertos.tse.jus.br/api/3/action/package_show?id=resultados-1998,2026-09-18T17:44:32.559360+00:00,200,projeto\dados_brutos\tse\GO_-_Votação_por_seção_eleitoral_-_1998_1998.zip,9101986,GO - Votação por seção eleitoral - 1998,https://cdn.tse.jus.br/estatistica/sead/odsele/votacao_secao/votacao_secao_1998_GO.zip,ZIP,Ja existente
TSE-CKAN,resultados-1998,package_show + download,https://dadosabertos.tse.jus.br/api/3/action/package_show?id=resultados-1998,2026-09-18T17:44:32.559360+00:00,200,projeto\dados_brutos\tse\MA_-_Votação_por_seção_eleitoral_-_1998_1998.zip,7758333,MA - Votação por seção eleitoral - 1998,https://cdn.tse.jus.br/estatistica/sead/odsele/votacao_secao/votacao_secao_1998_MA.zip,ZIP,Ja existente
TSE-CKAN,resultados-1998,package_show + download,https://dadosabertos.tse.jus.br/api/3/action/package_show?id=resultados-1998,2026-09-18T17:44:32.559360+00:00,200,projeto\dados_brutos\tse\MT_-_Votação_por_seção_eleitoral_-_1998_1998.zip,2815569,MT - Votação por seção eleitoral - 1998,https://cdn.tse.jus.br/estatistica/sead/odsele/votacao_secao/votacao_secao_1998_MT.zip,ZIP,Ja existente
TSE-CKAN,resultados-1998,package_show + download,https://dadosabertos.tse.jus.br/api/3/action/package_show?id=resultados-1998,2026-09-18T17:44:32.559360+00:00,200,projeto\dados_brutos\tse\MS_-_Votação_por_seção_eleitoral_-_1998_1998.zip,2994316,MS - Votação por seção eleitoral - 1998,https://cdn.tse.jus.br/estatistica/sead/odsele/votacao_secao/votacao_secao_1998_MS.zip,ZIP,Ja existente
TSE-CKAN,resultados-1998,package_show + download,https://dadosabertos.tse.jus.br/api/3/action/package_show?id=resultados-1998,2026-09-18T17:44:32.559360+00:00,200,projeto\dados_brutos\tse\MG_-_Votação_por_seção_eleitoral_-_1998_1998.zip,38690509,MG - Votação por seção eleitoral - 1998,https://cdn.tse.jus.br/estatistica/sead/odsele/votacao_secao/votacao_secao_1998_MG.zip,ZIP,Ja existente
TSE-CKAN,resultados-1998,package_show + download,https://dadosabertos.tse.jus.br/api/3/action/package_show?id=resultados-1998,2026-09-18T17:44:32.559360+00:00,200,projeto\dados_brutos\tse\PA_-_Votação_por_seção_eleitoral_-_1998_1998.zip,10268322,PA - Votação por seção eleitoral - 1998,https://cdn.tse.jus.br/estatistica/sead/odsele/votacao_secao/votacao_secao_1998_PA.zip,ZIP,Ja existente
TSE-CKAN,resultados-1998,package_show + download,https://dadosabertos.tse.jus.br/api/3/action/package_show?id=resultados-1998,2026-09-18T17:44:32.559360+00:00,200,projeto\dados_brutos\tse\PB_-_Votação_por_seção_eleitoral_-_1998_1998.zip,4451339,PB - Votação por seção eleitoral - 1998,https://cdn.tse.jus.br/estatistica/sead/odsele/votacao_secao/votacao_secao_1998_PB.zip,ZIP,Ja existente
TSE-CKAN,resultados-1998,package_show + download,https://dadosabertos.tse.jus.br/api/3/action/package_show?id=resultados-1998,2026-09-18T17:44:32.559360+00:00,200,projeto\dados_brutos\tse\PR_-_Votação_por_seção_eleitoral_-_1998_1998.zip,16924081,PR - Votação por seção eleitoral - 1998,https://cdn.tse.jus.br/estatistica/sead/odsele/votacao_secao/votacao_secao_1998_PR.zip,ZIP,Ja existente
TSE-CKAN,resultados-1998,package_show + download,https://dadosabertos.tse.jus.br/api/3/action/package_show?id=resultados-1998,2026-09-18T17:44:32.559360+00:00,200,projeto\dados_brutos\tse\PE_-_Votação_por_seção_eleitoral_-_1998_1998.zip,15957377,PE - Votação por seção eleitoral - 1998,https://cdn.tse.jus.br/estatistica/sead/odsele/votacao_secao/votacao_secao_1998_PE.zip,ZIP,Ja existente
TSE-CKAN,resultados-1998,package_show + download,https://dadosabertos.tse.jus.br/api/3/action/package_show?id=resultados-1998,2026-09-18T17:44:32.559360+00:00,200,projeto\dados_brutos\tse\PI_-_Votação_por_seção_eleitoral_-_1998_1998.zip,3592961,PI - Votação por seção eleitoral - 1998,https://cdn.tse.jus.br/estatistica/sead/odsele/votacao_secao/votacao_secao_1998_PI.zip,ZIP,Ja existente
TSE-CKAN,resultados-1998,package_show + download,https://dadosabertos.tse.jus.br/api/3/action/package_show?id=resultados-1998,2026-09-18T17:44:32.559360+00:00,200,projeto\dados_brutos\tse\RJ_-_Votação_por_seção_eleitoral_-_1998_1998.zip,61374464,RJ - Votação por seção eleitoral - 1998,https://cdn.tse.jus.br/estatistica/sead/odsele/votacao_secao/votacao_secao_1998_RJ.zip,ZIP,Ja existente
TSE-CKAN,resultados-1998,package_show + download,https://dadosabertos.tse.jus.br/api/3/action/package_show?id=resultados-1998,2026-09-18T17:44:32.559360+00:00,200,projeto\dados_brutos\tse\RN_-_Votação_por_seção_eleitoral_-_1998_1998.zip,3452667,RN - Votação por seção eleitoral - 1998,https://cdn.tse.jus.br/estatistica/sead/odsele/votacao_secao/votacao_secao_1998_RN.zip,ZIP,Ja existente
TSE-CKAN,resultados-1998,package_show + download,https://dadosabertos.tse.jus.br/api/3/action/package_show?id=resultados-1998,2026-09-18T17:44:32.559360+00:00,200,projeto\dados_brutos\tse\RS_-_Votação_por_seção_eleitoral_-_1998_1998.zip,24756224,RS - Votação por seção eleitoral - 1998,https://cdn.tse.jus.br/estatistica/sead/odsele/votacao_secao/votacao_secao_1998_RS.zip,ZIP,Ja existente
TSE-CKAN,resultados-1998,package_show + download,https://dadosabertos.tse.jus.br/api/3/action/package_show?id=resultados-1998,2026-09-18T17:44:32.559360+00:00,200,projeto\dados_brutos\tse\RO_-_Votação_por_seção_eleitoral_-_1998_1998.zip,2608804,RO - Votação por seção eleitoral - 1998,https://cdn.tse.jus.br/estatistica/sead/odsele/votacao_secao/votacao_secao_1998_RO.zip,ZIP,Ja existente
TSE-CKAN,resultados-1998,package_show + download,https://dadosabertos.tse.jus.br/api/3/action/package_show?id=resultados-1998,2026-09-18T17:44:32.559360+00:00,200,projeto\dados_brutos\tse\RR_-_Votação_por_seção_eleitoral_-_1998_1998.zip,1164052,RR - Votação por seção eleitoral - 1998,https://cdn.tse.jus.br/estatistica/sead/odsele/votacao_secao/votacao_secao_1998_RR.zip,ZIP,Ja existente
TSE-CKAN,resultados-1998,package_show + download,https://dadosabertos.tse.jus.br/api/3/action/package_show?id=resultados-1998,2026-09-18T17:44:32.559360+00:00,200,projeto\dados_brutos\tse\SC_-_Votação_por_seção_eleitoral_-_1998_1998.zip,9101789,SC - Votação por seção eleitoral - 1998,https://cdn.tse.jus.br/estatistica/sead/odsele/votacao_secao/votacao_secao_1998_SC.zip,ZIP,Ja existente
TSE-CKAN,resultados-1998,package_show + download,https://dadosabertos.tse.jus.br/api/3/action/package_show?id=resultados-1998,2026-09-18T17:44:32.559360+00:00,200,projeto\dados_brutos\tse\SP_-_Votação_por_seção_eleitoral_-_1998_1998.zip,113170254,SP - Votação por seção eleitoral - 1998,https://cdn.tse.jus.br/estatistica/sead/odsele/votacao_secao/votacao_secao_1998_SP.zip,ZIP,Ja existente
TSE-CKAN,resultados-1998,package_show + download,https://dadosabertos.tse.jus.br/api/3/action/package_show?id=resultados-1998,2026-09-18T17:44:32.559360+00:00,200,projeto\dados_brutos\tse\SE_-_Votação_por_seção_eleitoral_-_1998_1998.zip,3205305,SE - Votação por seção eleitoral - 1998,https://cdn.tse.jus.br/estatistica/sead/odsele/votacao_secao/votacao_secao_1998_SE.zip,ZIP,Ja existente
TSE-CKAN,resultados-1998,package_show + download,https://dadosabertos.tse.jus.br/api/3/action/package_show?id=resultados-1998,2026-09-18T17:44:32.559360+00:00,200,projeto\dados_brutos\tse\TO_-_Votação_por_seção_eleitoral_-_1998_1998.zip,1568226,TO - Votação por seção eleitoral - 1998,https://cdn.tse.jus.br/estatistica/sead/odsele/votacao_secao/votacao_secao_1998_TO.zip,ZIP,Ja existente
TSE-DivulgaCandContas,divulgacandcontas,eleicao/ordinarias,https://divulgacandcontas.tse.jus.br/divulga/rest/v1/eleicao/ordinarias,2026-09-18T17:56:26.197989+00:00,200,projeto/dados_brutos/tse/divulgacandcontas_eleicoes_ordinarias.json,4917,eleicoes_ordinarias,https://divulgacandcontas.tse.jus.br/divulga/rest/v1/eleicao/ordinarias,JSON,Lista de eleicoes ordinarias
TSE-CKAN,candidatos-2002,package_show + download,https://dadosabertos.tse.jus.br/api/3/action/package_show?id=candidatos-2002,2026-09-18T17:56:26.197989+00:00,200,projeto\dados_brutos\tse\Candidatos_2002.zip,3615898,Candidatos,https://cdn.tse.jus.br/estatistica/sead/odsele/consulta_cand/consulta_cand_2002.zip,ZIP,Candidatos - 2002 | License: cc-by
TSE-CKAN,candidatos-2002,package_show + download,https://dadosabertos.tse.jus.br/api/3/action/package_show?id=candidatos-2002,2026-09-18T17:56:26.197989+00:00,200,projeto\dados_brutos\tse\Coligações_2002.zip,477697,Coligações,https://cdn.tse.jus.br/estatistica/sead/odsele/consulta_coligacao/consulta_coligacao_2002.zip,ZIP,Candidatos - 2002 | License: cc-by
TSE-CKAN,candidatos-2002,package_show + download,https://dadosabertos.tse.jus.br/api/3/action/package_show?id=candidatos-2002,2026-09-18T17:56:26.197989+00:00,200,projeto\dados_brutos\tse\Vagas_2002.zip,181495,Vagas,https://cdn.tse.jus.br/estatistica/sead/odsele/consulta_vagas/consulta_vagas_2002.zip,ZIP,Candidatos - 2002 | License: cc-by
TSE-CKAN,resultados-2002,package_show + resource_download,https://dadosabertos.tse.jus.br/api/3/action/package_show?id=resultados-2002,2026-09-18T17:56:26.197989+00:00,200,projeto\dados_brutos\tse\Votação_nominal_por_município_e_zona_2002.zip,120264128,Votação nominal por município e zona,https://cdn.tse.jus.br/estatistica/sead/odsele/votacao_candidato_munzona/votacao_candidato_munzona_2002.zip,ZIP,Resultados - 2002 | License: cc-by
TSE-CKAN,resultados-2002,package_show + download,https://dadosabertos.tse.jus.br/api/3/action/package_show?id=resultados-2002,2026-09-18T17:56:26.197989+00:00,200,projeto\dados_brutos\tse\Votação_em_partido_por_município_e_zona_2002.zip,8391346,Votação em partido por município e zona,https://cdn.tse.jus.br/estatistica/sead/odsele/votacao_partido_munzona/votacao_partido_munzona_2002.zip,ZIP,Resultados - 2002 | License: cc-by
TSE-CKAN,resultados-2002,package_show + download,https://dadosabertos.tse.jus.br/api/3/action/package_show?id=resultados-2002,2026-09-18T17:56:26.197989+00:00,200,projeto\dados_brutos\tse\Detalhe_da_apuração_por_município_e_zona_2002.zip,3625552,Detalhe da apuração por município e zona,https://cdn.tse.jus.br/estatistica/sead/odsele/detalhe_votacao_munzona/detalhe_votacao_munzona_2002.zip,ZIP,Resultados - 2002 | License: cc-by
TSE-CKAN,resultados-2002,package_show + download,https://dadosabertos.tse.jus.br/api/3/action/package_show?id=resultados-2002,2026-09-18T17:56:26.197989+00:00,200,projeto\dados_brutos\tse\Detalhe_da_apuração_por_seção_eleitoral_2002.zip,58040971,Detalhe da apuração por seção eleitoral,https://cdn.tse.jus.br/estatistica/sead/odsele/detalhe_votacao_secao/detalhe_votacao_secao_2002.zip,ZIP,Resultados - 2002 | License: cc-by
TSE-CKAN,resultados-2002,package_show + download,https://dadosabertos.tse.jus.br/api/3/action/package_show?id=resultados-2002,2026-09-18T17:56:26.197989+00:00,200,projeto\dados_brutos\tse\Presidente_-_Votação_por_seção_eleitoral_-_2002_2002.zip,19858557,Presidente - Votação por seção eleitoral - 2002,https://cdn.tse.jus.br/estatistica/sead/odsele/votacao_secao/votacao_secao_2002_BR.zip,ZIP,Resultados - 2002 | License: cc-by
TSE-CKAN,resultados-2002,package_show + download,https://dadosabertos.tse.jus.br/api/3/action/package_show?id=resultados-2002,2026-09-18T17:56:26.197989+00:00,200,projeto\dados_brutos\tse\AC_-_Votação_por_seção_eleitoral_-_2002_2002.zip,2192674,AC - Votação por seção eleitoral - 2002,https://cdn.tse.jus.br/estatistica/sead/odsele/votacao_secao/votacao_secao_2002_AC.zip,ZIP,Resultados - 2002 | License: cc-by
TSE-CKAN,resultados-2002,package_show + download,https://dadosabertos.tse.jus.br/api/3/action/package_show?id=resultados-2002,2026-09-18T17:56:26.197989+00:00,200,projeto\dados_brutos\tse\AL_-_Votação_por_seção_eleitoral_-_2002_2002.zip,4979618,AL - Votação por seção eleitoral - 2002,https://cdn.tse.jus.br/estatistica/sead/odsele/votacao_secao/votacao_secao_2002_AL.zip,ZIP,Resultados - 2002 | License: cc-by
TSE-CKAN,resultados-2002,package_show + download,https://dadosabertos.tse.jus.br/api/3/action/package_show?id=resultados-2002,2026-09-18T17:56:26.197989+00:00,200,projeto\dados_brutos\tse\AP_-_Votação_por_seção_eleitoral_-_2002_2002.zip,1947807,AP - Votação por seção eleitoral - 2002,https://cdn.tse.jus.br/estatistica/sead/odsele/votacao_secao/votacao_secao_2002_AP.zip,ZIP,Resultados - 2002 | License: cc-by
TSE-CKAN,resultados-2002,package_show + download,https://dadosabertos.tse.jus.br/api/3/action/package_show?id=resultados-2002,2026-09-18T17:56:26.197989+00:00,200,projeto\dados_brutos\tse\AM_-_Votação_por_seção_eleitoral_-_2002_2002.zip,6581139,AM - Votação por seção eleitoral - 2002,https://cdn.tse.jus.br/estatistica/sead/odsele/votacao_secao/votacao_secao_2002_AM.zip,ZIP,Resultados - 2002 | License: cc-by
TSE-CKAN,resultados-2002,package_show + download,https://dadosabertos.tse.jus.br/api/3/action/package_show?id=resultados-2002,2026-09-18T17:56:26.197989+00:00,200,projeto\dados_brutos\tse\BA_-_Votação_por_seção_eleitoral_-_2002_2002.zip,26990540,BA - Votação por seção eleitoral - 2002,https://cdn.tse.jus.br/estatistica/sead/odsele/votacao_secao/votacao_secao_2002_BA.zip,ZIP,Resultados - 2002 | License: cc-by
TSE-CKAN,resultados-2002,package_show + download,https://dadosabertos.tse.jus.br/api/3/action/package_show?id=resultados-2002,2026-09-18T17:56:26.197989+00:00,200,projeto\dados_brutos\tse\CE_-_Votação_por_seção_eleitoral_-_2002_2002.zip,17402987,CE - Votação por seção eleitoral - 2002,https://cdn.tse.jus.br/estatistica/sead/odsele/votacao_secao/votacao_secao_2002_CE.zip,ZIP,Resultados - 2002 | License: cc-by
TSE-CKAN,resultados-2002,package_show + download,https://dadosabertos.tse.jus.br/api/3/action/package_show?id=resultados-2002,2026-09-18T17:56:26.197989+00:00,200,projeto\dados_brutos\tse\DF_-_Votação_por_seção_eleitoral_-_2002_2002.zip,11344510,DF - Votação por seção eleitoral - 2002,https://cdn.tse.jus.br/estatistica/sead/odsele/votacao_secao/votacao_secao_2002_DF.zip,ZIP,Resultados - 2002 | License: cc-by
TSE-CKAN,resultados-2002,package_show + download,https://dadosabertos.tse.jus.br/api/3/action/package_show?id=resultados-2002,2026-09-18T17:56:26.197989+00:00,200,projeto\dados_brutos\tse\ES_-_Votação_por_seção_eleitoral_-_2002_2002.zip,8037490,ES - Votação por seção eleitoral - 2002,https://cdn.tse.jus.br/estatistica/sead/odsele/votacao_secao/votacao_secao_2002_ES.zip,ZIP,Resultados - 2002 | License: cc-by
TSE-CKAN,resultados-2002,package_show + download,https://dadosabertos.tse.jus.br/api/3/action/package_show?id=resultados-2002,2026-09-18T17:56:26.197989+00:00,200,projeto\dados_brutos\tse\GO_-_Votação_por_seção_eleitoral_-_2002_2002.zip,13202569,GO - Votação por seção eleitoral - 2002,https://cdn.tse.jus.br/estatistica/sead/odsele/votacao_secao/votacao_secao_2002_GO.zip,ZIP,Resultados - 2002 | License: cc-by
TSE-CKAN,resultados-2002,package_show + download,https://dadosabertos.tse.jus.br/api/3/action/package_show?id=resultados-2002,2026-09-18T17:56:26.197989+00:00,200,projeto\dados_brutos\tse\MA_-_Votação_por_seção_eleitoral_-_2002_2002.zip,10982051,MA - Votação por seção eleitoral - 2002,https://cdn.tse.jus.br/estatistica/sead/odsele/votacao_secao/votacao_secao_2002_MA.zip,ZIP,Resultados - 2002 | License: cc-by
TSE-CKAN,resultados-2002,package_show + download,https://dadosabertos.tse.jus.br/api/3/action/package_show?id=resultados-2002,2026-09-18T17:56:26.197989+00:00,200,projeto\dados_brutos\tse\MT_-_Votação_por_seção_eleitoral_-_2002_2002.zip,4042387,MT - Votação por seção eleitoral - 2002,https://cdn.tse.jus.br/estatistica/sead/odsele/votacao_secao/votacao_secao_2002_MT.zip,ZIP,Resultados - 2002 | License: cc-by
TSE-CKAN,resultados-2002,package_show + download,https://dadosabertos.tse.jus.br/api/3/action/package_show?id=resultados-2002,2026-09-18T17:56:26.197989+00:00,200,projeto\dados_brutos\tse\MS_-_Votação_por_seção_eleitoral_-_2002_2002.zip,4801792,MS - Votação por seção eleitoral - 2002,https://cdn.tse.jus.br/estatistica/sead/odsele/votacao_secao/votacao_secao_2002_MS.zip,ZIP,Resultados - 2002 | License: cc-by
TSE-CKAN,resultados-2002,package_show + download,https://dadosabertos.tse.jus.br/api/3/action/package_show?id=resultados-2002,2026-09-18T17:56:26.197989+00:00,200,projeto\dados_brutos\tse\MG_-_Votação_por_seção_eleitoral_-_2002_2002.zip,46912457,MG - Votação por seção eleitoral - 2002,https://cdn.tse.jus.br/estatistica/sead/odsele/votacao_secao/votacao_secao_2002_MG.zip,ZIP,Resultados - 2002 | License: cc-by
TSE-CKAN,resultados-2002,package_show + download,https://dadosabertos.tse.jus.br/api/3/action/package_show?id=resultados-2002,2026-09-18T17:56:26.197989+00:00,200,projeto\dados_brutos\tse\PA_-_Votação_por_seção_eleitoral_-_2002_2002.zip,14062316,PA - Votação por seção eleitoral - 2002,https://cdn.tse.jus.br/estatistica/sead/odsele/votacao_secao/votacao_secao_2002_PA.zip,ZIP,Resultados - 2002 | License: cc-by
TSE-CKAN,resultados-2002,package_show + download,https://dadosabertos.tse.jus.br/api/3/action/package_show?id=resultados-2002,2026-09-18T17:56:26.197989+00:00,200,projeto\dados_brutos\tse\PB_-_Votação_por_seção_eleitoral_-_2002_2002.zip,7093605,PB - Votação por seção eleitoral - 2002,https://cdn.tse.jus.br/estatistica/sead/odsele/votacao_secao/votacao_secao_2002_PB.zip,ZIP,Resultados - 2002 | License: cc-by
TSE-CKAN,resultados-2002,package_show + download,https://dadosabertos.tse.jus.br/api/3/action/package_show?id=resultados-2002,2026-09-18T17:56:26.197989+00:00,200,projeto\dados_brutos\tse\PR_-_Votação_por_seção_eleitoral_-_2002_2002.zip,25408005,PR - Votação por seção eleitoral - 2002,https://cdn.tse.jus.br/estatistica/sead/odsele/votacao_secao/votacao_secao_2002_PR.zip,ZIP,Resultados - 2002 | License: cc-by
TSE-CKAN,resultados-2002,package_show + download,https://dadosabertos.tse.jus.br/api/3/action/package_show?id=resultados-2002,2026-09-18T17:56:26.197989+00:00,200,projeto\dados_brutos\tse\PE_-_Votação_por_seção_eleitoral_-_2002_2002.zip,22150387,PE - Votação por seção eleitoral - 2002,https://cdn.tse.jus.br/estatistica/sead/odsele/votacao_secao/votacao_secao_2002_PE.zip,ZIP,Resultados - 2002 | License: cc-by
TSE-CKAN,resultados-2002,package_show + download,https://dadosabertos.tse.jus.br/api/3/action/package_show?id=resultados-2002,2026-09-18T17:56:26.197989+00:00,200,projeto\dados_brutos\tse\PI_-_Votação_por_seção_eleitoral_-_2002_2002.zip,5336785,PI - Votação por seção eleitoral - 2002,https://cdn.tse.jus.br/estatistica/sead/odsele/votacao_secao/votacao_secao_2002_PI.zip,ZIP,Resultados - 2002 | License: cc-by
TSE-CKAN,resultados-2002,package_show + download,https://dadosabertos.tse.jus.br/api/3/action/package_show?id=resultados-2002,2026-09-18T17:56:26.197989+00:00,200,projeto\dados_brutos\tse\RJ_-_Votação_por_seção_eleitoral_-_2002_2002.zip,81394499,RJ - Votação por seção eleitoral - 2002,https://cdn.tse.jus.br/estatistica/sead/odsele/votacao_secao/votacao_secao_2002_RJ.zip,ZIP,Resultados - 2002 | License: cc-by
TSE-CKAN,resultados-2002,package_show + download,https://dadosabertos.tse.jus.br/api/3/action/package_show?id=resultados-2002,2026-09-18T17:56:26.197989+00:00,200,projeto\dados_brutos\tse\RN_-_Votação_por_seção_eleitoral_-_2002_2002.zip,5415335,RN - Votação por seção eleitoral - 2002,https://cdn.tse.jus.br/estatistica/sead/odsele/votacao_secao/votacao_secao_2002_RN.zip,ZIP,Resultados - 2002 | License: cc-by
TSE-CKAN,resultados-2002,package_show + download,https://dadosabertos.tse.jus.br/api/3/action/package_show?id=resultados-2002,2026-09-18T17:56:26.197989+00:00,200,projeto\dados_brutos\tse\RS_-_Votação_por_seção_eleitoral_-_2002_2002.zip,33908875,RS - Votação por seção eleitoral - 2002,https://cdn.tse.jus.br/estatistica/sead/odsele/votacao_secao/votacao_secao_2002_RS.zip,ZIP,Resultados - 2002 | License: cc-by
TSE-CKAN,resultados-2002,package_show + download,https://dadosabertos.tse.jus.br/api/3/action/package_show?id=resultados-2002,2026-09-18T17:56:26.197989+00:00,200,projeto\dados_brutos\tse\RO_-_Votação_por_seção_eleitoral_-_2002_2002.zip,3810063,RO - Votação por seção eleitoral - 2002,https://cdn.tse.jus.br/estatistica/sead/odsele/votacao_secao/votacao_secao_2002_RO.zip,ZIP,Resultados - 2002 | License: cc-by
TSE-CKAN,resultados-2002,package_show + download,https://dadosabertos.tse.jus.br/api/3/action/package_show?id=resultados-2002,2026-09-18T17:56:26.197989+00:00,200,projeto\dados_brutos\tse\RR_-_Votação_por_seção_eleitoral_-_2002_2002.zip,1866193,RR - Votação por seção eleitoral - 2002,https://cdn.tse.jus.br/estatistica/sead/odsele/votacao_secao/votacao_secao_2002_RR.zip,ZIP,Resultados - 2002 | License: cc-by
TSE-CKAN,resultados-2002,package_show + download,https://dadosabertos.tse.jus.br/api/3/action/package_show?id=resultados-2002,2026-09-18T17:56:26.197989+00:00,200,projeto\dados_brutos\tse\SC_-_Votação_por_seção_eleitoral_-_2002_2002.zip,11025397,SC - Votação por seção eleitoral - 2002,https://cdn.tse.jus.br/estatistica/sead/odsele/votacao_secao/votacao_secao_2002_SC.zip,ZIP,Resultados - 2002 | License: cc-by
TSE-CKAN,resultados-2002,package_show + download,https://dadosabertos.tse.jus.br/api/3/action/package_show?id=resultados-2002,2026-09-18T17:56:26.197989+00:00,200,projeto\dados_brutos\tse\SP_-_Votação_por_seção_eleitoral_-_2002_2002.zip,17170432,SP - Votação por seção eleitoral - 2002,https://cdn.tse.jus.br/estatistica/sead/odsele/votacao_secao/votacao_secao_2002_SP.zip,ZIP,Resultados - 2002 | License: cc-by
TSE-CKAN,resultados-2002,package_show + resource_download,https://dadosabertos.tse.jus.br/api/3/action/package_show?id=resultados-2002,2026-09-18T17:56:26.197989+00:00,200,projeto\dados_brutos\tse\SE_-_Votação_por_seção_eleitoral_-_2002_2002.zip,4265837,SE - Votação por seção eleitoral - 2002,https://cdn.tse.jus.br/estatistica/sead/odsele/votacao_secao/votacao_secao_2002_SE.zip,ZIP,Resultados - 2002 | License: cc-by
TSE-CKAN,resultados-2002,package_show + resource_download,https://dadosabertos.tse.jus.br/api/3/action/package_show?id=resultados-2002,2026-09-18T17:56:26.197989+00:00,200,projeto\dados_brutos\tse\TO_-_Votação_por_seção_eleitoral_-_2002_2002.zip,2147579,TO - Votação por seção eleitoral - 2002,https://cdn.tse.jus.br/estatistica/sead/odsele/votacao_secao/votacao_secao_2002_TO.zip,ZIP,Resultados - 2002 | License: cc-by
TSE-CKAN,candidatos-2006,package_show + download,https://dadosabertos.tse.jus.br/api/3/action/package_show?id=candidatos-2006,2026-09-18T18:16:22.318375+00:00,200,projeto\dados_brutos\tse\Candidatos_2006.zip,4044252,Candidatos,https://cdn.tse.jus.br/estatistica/sead/odsele/consulta_cand/consulta_cand_2006.zip,ZIP,Candidatos - 2006 | License: cc-by
TSE-CKAN,candidatos-2006,package_show + download,https://dadosabertos.tse.jus.br/api/3/action/package_show?id=candidatos-2006,2026-09-18T18:16:22.318375+00:00,200,projeto\dados_brutos\tse\Bens_de_candidatos_2006.zip,4779461,Bens de candidatos,https://cdn.tse.jus.br/estatistica/sead/odsele/bem_candidato/bem_candidato_2006.zip,ZIP,Candidatos - 2006 | License: cc-by
TSE-CKAN,candidatos-2006,package_show + download,https://dadosabertos.tse.jus.br/api/3/action/package_show?id=candidatos-2006,2026-09-18T18:16:22.318375+00:00,200,projeto\dados_brutos\tse\Coligações_2006.zip,474594,Coligações,https://cdn.tse.jus.br/estatistica/sead/odsele/consulta_coligacao/consulta_coligacao_2006.zip,ZIP,Candidatos - 2006 | License: cc-by
TSE-CKAN,candidatos-2006,package_show + download,https://dadosabertos.tse.jus.br/api/3/action/package_show?id=candidatos-2006,2026-09-18T18:16:22.318375+00:00,200,projeto\dados_brutos\tse\Vagas_2006.zip,181468,Vagas,https://cdn.tse.jus.br/estatistica/sead/odsele/consulta_vagas/consulta_vagas_2006.zip,ZIP,Candidatos - 2006 | License: cc-by
TSE-CKAN,resultados-2006,package_show + download,https://dadosabertos.tse.jus.br/api/3/action/package_show?id=resultados-2006,2026-09-18T18:16:22.318375+00:00,200,projeto\dados_brutos\tse\Votação_nominal_por_município_e_zona_2006.zip,130940089,Votação nominal por município e zona,https://cdn.tse.jus.br/estatistica/sead/odsele/votacao_candidato_munzona/votacao_candidato_munzona_2006.zip,ZIP,Resultados - 2006 | License: cc-by
TSE-CKAN,resultados-2006,package_show + download,https://dadosabertos.tse.jus.br/api/3/action/package_show?id=resultados-2006,2026-09-18T18:16:22.318375+00:00,200,projeto\dados_brutos\tse\Votação_em_partido_por_município_e_zona_2006.zip,8894538,Votação em partido por município e zona,https://cdn.tse.jus.br/estatistica/sead/odsele/votacao_partido_munzona/votacao_partido_munzona_2006.zip,ZIP,Resultados - 2006 | License: cc-by
TSE-CKAN,resultados-2006,package_show + download,https://dadosabertos.tse.jus.br/api/3/action/package_show?id=resultados-2006,2026-09-18T18:16:22.318375+00:00,200,projeto\dados_brutos\tse\Detalhe_da_apuração_por_município_e_zona_2006.zip,3893736,Detalhe da apuração por município e zona,https://cdn.tse.jus.br/estatistica/sead/odsele/detalhe_votacao_munzona/detalhe_votacao_munzona_2006.zip,ZIP,Resultados - 2006 | License: cc-by
TSE-CKAN,resultados-2006,package_show + download,https://dadosabertos.tse.jus.br/api/3/action/package_show?id=resultados-2006,2026-09-18T18:16:22.318375+00:00,200,projeto\dados_brutos\tse\Detalhe_da_apuração_por_seção_eleitoral_2006.zip,63608788,Detalhe da apuração por seção eleitoral,https://cdn.tse.jus.br/estatistica/sead/odsele/detalhe_votacao_secao/detalhe_votacao_secao_2006.zip,ZIP,Resultados - 2006 | License: cc-by
TSE-CKAN,resultados-2006,package_show + download,https://dadosabertos.tse.jus.br/api/3/action/package_show?id=resultados-2006,2026-09-18T18:16:22.318375+00:00,200,projeto\dados_brutos\tse\Presidente_-_Votação_por_seção_eleitoral_-_2006_2006.zip,22094673,Presidente - Votação por seção eleitoral - 2006,https://cdn.tse.jus.br/estatistica/sead/odsele/votacao_secao/votacao_secao_2006_BR.zip,ZIP,Resultados - 2006 | License: cc-by
TSE-CKAN,resultados-2006,package_show + download,https://dadosabertos.tse.jus.br/api/3/action/package_show?id=resultados-2006,2026-09-18T18:16:22.318375+00:00,200,projeto\dados_brutos\tse\AC_-_Votação_por_seção_eleitoral_-_2006_2006.zip,2141595,AC - Votação por seção eleitoral - 2006,https://cdn.tse.jus.br/estatistica/sead/odsele/votacao_secao/votacao_secao_2006_AC.zip,ZIP,Resultados - 2006 | License: cc-by
TSE-CKAN,resultados-2006,package_show + download,https://dadosabertos.tse.jus.br/api/3/action/package_show?id=resultados-2006,2026-09-18T18:16:22.318375+00:00,200,projeto\dados_brutos\tse\AL_-_Votação_por_seção_eleitoral_-_2006_2006.zip,5497778,AL - Votação por seção eleitoral - 2006,https://cdn.tse.jus.br/estatistica/sead/odsele/votacao_secao/votacao_secao_2006_AL.zip,ZIP,Resultados - 2006 | License: cc-by
TSE-CKAN,resultados-2006,package_show + download,https://dadosabertos.tse.jus.br/api/3/action/package_show?id=resultados-2006,2026-09-18T18:16:22.318375+00:00,200,projeto\dados_brutos\tse\AP_-_Votação_por_seção_eleitoral_-_2006_2006.zip,2246078,AP - Votação por seção eleitoral - 2006,https://cdn.tse.jus.br/estatistica/sead/odsele/votacao_secao/votacao_secao_2006_AP.zip,ZIP,Resultados - 2006 | License: cc-by
TSE-CKAN,resultados-2006,package_show + download,https://dadosabertos.tse.jus.br/api/3/action/package_show?id=resultados-2006,2026-09-18T18:16:22.318375+00:00,200,projeto\dados_brutos\tse\AM_-_Votação_por_seção_eleitoral_-_2006_2006.zip,8130114,AM - Votação por seção eleitoral - 2006,https://cdn.tse.jus.br/estatistica/sead/odsele/votacao_secao/votacao_secao_2006_AM.zip,ZIP,Resultados - 2006 | License: cc-by
TSE-CKAN,resultados-2006,package_show + download,https://dadosabertos.tse.jus.br/api/3/action/package_show?id=resultados-2006,2026-09-18T18:16:22.318375+00:00,200,projeto\dados_brutos\tse\BA_-_Votação_por_seção_eleitoral_-_2006_2006.zip,32168761,BA - Votação por seção eleitoral - 2006,https://cdn.tse.jus.br/estatistica/sead/odsele/votacao_secao/votacao_secao_2006_BA.zip,ZIP,Resultados - 2006 | License: cc-by
TSE-CKAN,resultados-2006,package_show + download,https://dadosabertos.tse.jus.br/api/3/action/package_show?id=resultados-2006,2026-09-18T18:16:22.318375+00:00,200,projeto\dados_brutos\tse\CE_-_Votação_por_seção_eleitoral_-_2006_2006.zip,20012388,CE - Votação por seção eleitoral - 2006,https://cdn.tse.jus.br/estatistica/sead/odsele/votacao_secao/votacao_secao_2006_CE.zip,ZIP,Resultados - 2006 | License: cc-by
TSE-CKAN,resultados-2006,package_show + download,https://dadosabertos.tse.jus.br/api/3/action/package_show?id=resultados-2006,2026-09-18T18:16:22.318375+00:00,200,projeto\dados_brutos\tse\DF_-_Votação_por_seção_eleitoral_-_2006_2006.zip,13070654,DF - Votação por seção eleitoral - 2006,https://cdn.tse.jus.br/estatistica/sead/odsele/votacao_secao/votacao_secao_2006_DF.zip,ZIP,Resultados - 2006 | License: cc-by
TSE-CKAN,resultados-2006,package_show + download,https://dadosabertos.tse.jus.br/api/3/action/package_show?id=resultados-2006,2026-09-18T18:16:22.318375+00:00,200,projeto\dados_brutos\tse\ES_-_Votação_por_seção_eleitoral_-_2006_2006.zip,7819075,ES - Votação por seção eleitoral - 2006,https://cdn.tse.jus.br/estatistica/sead/odsele/votacao_secao/votacao_secao_2006_ES.zip,ZIP,Resultados - 2006 | License: cc-by
TSE-CKAN,resultados-2006,package_show + download,https://dadosabertos.tse.jus.br/api/3/action/package_show?id=resultados-2006,2026-09-18T18:16:22.318375+00:00,200,projeto\dados_brutos\tse\GO_-_Votação_por_seção_eleitoral_-_2006_2006.zip,14849607,GO - Votação por seção eleitoral - 2006,https://cdn.tse.jus.br/estatistica/sead/odsele/votacao_secao/votacao_secao_2006_GO.zip,ZIP,Resultados - 2006 | License: cc-by
TSE-CKAN,resultados-2006,package_show + download,https://dadosabertos.tse.jus.br/api/3/action/package_show?id=resultados-2006,2026-09-18T18:16:22.318375+00:00,200,projeto\dados_brutos\tse\MA_-_Votação_por_seção_eleitoral_-_2006_2006.zip,14037777,MA - Votação por seção eleitoral - 2006,https://cdn.tse.jus.br/estatistica/sead/odsele/votacao_secao/votacao_secao_2006_MA.zip,ZIP,Resultados - 2006 | License: cc-by
TSE-CKAN,resultados-2006,package_show + download,https://dadosabertos.tse.jus.br/api/3/action/package_show?id=resultados-2006,2026-09-18T18:16:22.318375+00:00,200,projeto\dados_brutos\tse\MT_-_Votação_por_seção_eleitoral_-_2006_2006.zip,4742972,MT - Votação por seção eleitoral - 2006,https://cdn.tse.jus.br/estatistica/sead/odsele/votacao_secao/votacao_secao_2006_MT.zip,ZIP,Resultados - 2006 | License: cc-by
TSE-CKAN,resultados-2006,package_show + download,https://dadosabertos.tse.jus.br/api/3/action/package_show?id=resultados-2006,2026-09-18T18:16:22.318375+00:00,200,projeto\dados_brutos\tse\MS_-_Votação_por_seção_eleitoral_-_2006_2006.zip,4762763,MS - Votação por seção eleitoral - 2006,https://cdn.tse.jus.br/estatistica/sead/odsele/votacao_secao/votacao_secao_2006_MS.zip,ZIP,Resultados - 2006 | License: cc-by
TSE-CKAN,resultados-2006,package_show + download,https://dadosabertos.tse.jus.br/api/3/action/package_show?id=resultados-2006,2026-09-18T18:16:22.318375+00:00,200,projeto\dados_brutos\tse\MG_-_Votação_por_seção_eleitoral_-_2006_2006.zip,49709056,MG - Votação por seção eleitoral - 2006,https://cdn.tse.jus.br/estatistica/sead/odsele/votacao_secao/votacao_secao_2006_MG.zip,ZIP,Resultados - 2006 | License: cc-by
TSE-CKAN,resultados-2006,package_show + download,https://dadosabertos.tse.jus.br/api/3/action/package_show?id=resultados-2006,2026-09-18T18:16:22.318375+00:00,200,projeto\dados_brutos\tse\PA_-_Votação_por_seção_eleitoral_-_2006_2006.zip,6979584,PA - Votação por seção eleitoral - 2006,https://cdn.tse.jus.br/estatistica/sead/odsele/votacao_secao/votacao_secao_2006_PA.zip,ZIP,Resultados - 2006 | License: cc-by
TSE-CKAN,resultados-2006,package_show + download,https://dadosabertos.tse.jus.br/api/3/action/package_show?id=resultados-2006,2026-09-18T18:16:22.318375+00:00,200,projeto\dados_brutos\tse\PB_-_Votação_por_seção_eleitoral_-_2006_2006.zip,7464485,PB - Votação por seção eleitoral - 2006,https://cdn.tse.jus.br/estatistica/sead/odsele/votacao_secao/votacao_secao_2006_PB.zip,ZIP,Resultados - 2006 | License: cc-by
TSE-CKAN,resultados-2006,package_show + download,https://dadosabertos.tse.jus.br/api/3/action/package_show?id=resultados-2006,2026-09-18T18:16:22.318375+00:00,200,projeto\dados_brutos\tse\PR_-_Votação_por_seção_eleitoral_-_2006_2006.zip,9191424,PR - Votação por seção eleitoral - 2006,https://cdn.tse.jus.br/estatistica/sead/odsele/votacao_secao/votacao_secao_2006_PR.zip,ZIP,Resultados - 2006 | License: cc-by
TSE-CKAN,resultados-2006,package_show + download,https://dadosabertos.tse.jus.br/api/3/action/package_show?id=resultados-2006,2026-09-18T18:16:22.318375+00:00,200,projeto\dados_brutos\tse\PE_-_Votação_por_seção_eleitoral_-_2006_2006.zip,24022727,PE - Votação por seção eleitoral - 2006,https://cdn.tse.jus.br/estatistica/sead/odsele/votacao_secao/votacao_secao_2006_PE.zip,ZIP,Resultados - 2006 | License: cc-by
TSE-CKAN,resultados-2006,package_show + download,https://dadosabertos.tse.jus.br/api/3/action/package_show?id=resultados-2006,2026-09-18T18:16:22.318375+00:00,200,projeto\dados_brutos\tse\PI_-_Votação_por_seção_eleitoral_-_2006_2006.zip,5940380,PI - Votação por seção eleitoral - 2006,https://cdn.tse.jus.br/estatistica/sead/odsele/votacao_secao/votacao_secao_2006_PI.zip,ZIP,Resultados - 2006 | License: cc-by
TSE-CKAN,resultados-2006,package_show + download,https://dadosabertos.tse.jus.br/api/3/action/package_show?id=resultados-2006,2026-09-18T18:16:22.318375+00:00,200,projeto\dados_brutos\tse\RJ_-_Votação_por_seção_eleitoral_-_2006_2006.zip,58523648,RJ - Votação por seção eleitoral - 2006,https://cdn.tse.jus.br/estatistica/sead/odsele/votacao_secao/votacao_secao_2006_RJ.zip,ZIP,Resultados - 2006 | License: cc-by
TSE-CKAN,resultados-2006,package_show + download,https://dadosabertos.tse.jus.br/api/3/action/package_show?id=resultados-2006,2026-09-18T18:16:22.318375+00:00,200,projeto\dados_brutos\tse\RN_-_Votação_por_seção_eleitoral_-_2006_2006.zip,5599941,RN - Votação por seção eleitoral - 2006,https://cdn.tse.jus.br/estatistica/sead/odsele/votacao_secao/votacao_secao_2006_RN.zip,ZIP,Resultados - 2006 | License: cc-by
TSE-CKAN,resultados-2006,package_show + download,https://dadosabertos.tse.jus.br/api/3/action/package_show?id=resultados-2006,2026-09-18T18:16:22.318375+00:00,200,projeto\dados_brutos\tse\RS_-_Votação_por_seção_eleitoral_-_2006_2006.zip,37948054,RS - Votação por seção eleitoral - 2006,https://cdn.tse.jus.br/estatistica/sead/odsele/votacao_secao/votacao_secao_2006_RS.zip,ZIP,Resultados - 2006 | License: cc-by
TSE-CKAN,resultados-2006,package_show + download,https://dadosabertos.tse.jus.br/api/3/action/package_show?id=resultados-2006,2026-09-18T18:16:22.318375+00:00,200,projeto\dados_brutos\tse\RO_-_Votação_por_seção_eleitoral_-_2006_2006.zip,3973213,RO - Votação por seção eleitoral - 2006,https://cdn.tse.jus.br/estatistica/sead/odsele/votacao_secao/votacao_secao_2006_RO.zip,ZIP,Resultados - 2006 | License: cc-by
TSE-CKAN,resultados-2006,package_show + download,https://dadosabertos.tse.jus.br/api/3/action/package_show?id=resultados-2006,2026-09-18T18:16:22.318375+00:00,200,projeto\dados_brutos\tse\RR_-_Votação_por_seção_eleitoral_-_2006_2006.zip,2054603,RR - Votação por seção eleitoral - 2006,https://cdn.tse.jus.br/estatistica/sead/odsele/votacao_secao/votacao_secao_2006_RR.zip,ZIP,Resultados - 2006 | License: cc-by
TSE-CKAN,resultados-2006,package_show + download,https://dadosabertos.tse.jus.br/api/3/action/package_show?id=resultados-2006,2026-09-18T18:16:22.318375+00:00,200,projeto\dados_brutos\tse\SC_-_Votação_por_seção_eleitoral_-_2006_2006.zip,1441792,SC - Votação por seção eleitoral - 2006,https://cdn.tse.jus.br/estatistica/sead/odsele/votacao_secao/votacao_secao_2006_SC.zip,ZIP,Resultados - 2006 | License: cc-by
TSE-CKAN,resultados-2006,package_show + resource_download,https://dadosabertos.tse.jus.br/api/3/action/package_show?id=resultados-2006,2026-09-18T18:16:22.318375+00:00,200,projeto\dados_brutos\tse\SP_-_Votação_por_seção_eleitoral_-_2006_2006.zip,161113159,SP - Votação por seção eleitoral - 2006,https://cdn.tse.jus.br/estatistica/sead/odsele/votacao_secao/votacao_secao_2006_SP.zip,ZIP,Resultados - 2006 | License: cc-by
TSE-CKAN,resultados-2006,package_show + resource_download,https://dadosabertos.tse.jus.br/api/3/action/package_show?id=resultados-2006,2026-09-18T18:16:22.318375+00:00,200,projeto\dados_brutos\tse\SE_-_Votação_por_seção_eleitoral_-_2006_2006.zip,3208478,SE - Votação por seção eleitoral - 2006,https://cdn.tse.jus.br/estatistica/sead/odsele/votacao_secao/votacao_secao_2006_SE.zip,ZIP,Resultados - 2006 | License: cc-by
TSE-CKAN,resultados-2006,package_show + resource_download,https://dadosabertos.tse.jus.br/api/3/action/package_show?id=resultados-2006,2026-09-18T18:16:22.318375+00:00,200,projeto\dados_brutos\tse\TO_-_Votação_por_seção_eleitoral_-_2006_2006.zip,2711695,TO - Votação por seção eleitoral - 2006,https://cdn.tse.jus.br/estatistica/sead/odsele/votacao_secao/votacao_secao_2006_TO.zip,ZIP,Resultados - 2006 | License: cc-by
TSE-CKAN,candidatos-2010,package_show + resource_download,https://dadosabertos.tse.jus.br/api/3/action/package_show?id=candidatos-2010,2026-09-18T18:16:22.318375+00:00,200,projeto\dados_brutos\tse\Candidatos_2010.zip,4939410,Candidatos,https://cdn.tse.jus.br/estatistica/sead/odsele/consulta_cand/consulta_cand_2010.zip,ZIP,Candidatos - 2010 | License: cc-by
TSE-CKAN,candidatos-2010,package_show + resource_download,https://dadosabertos.tse.jus.br/api/3/action/package_show?id=candidatos-2010,2026-09-18T18:16:22.318375+00:00,200,projeto\dados_brutos\tse\Bens_de_candidatos_2010.zip,5051219,Bens de candidatos,https://cdn.tse.jus.br/estatistica/sead/odsele/bem_candidato/bem_candidato_2010.zip,ZIP,Candidatos - 2010 | License: cc-by
TSE-CKAN,candidatos-2010,package_show + resource_download,https://dadosabertos.tse.jus.br/api/3/action/package_show?id=candidatos-2010,2026-09-18T18:16:22.318375+00:00,200,projeto\dados_brutos\tse\Coligações_2010.zip,520548,Coligações,https://cdn.tse.jus.br/estatistica/sead/odsele/consulta_coligacao/consulta_coligacao_2010.zip,ZIP,Candidatos - 2010 | License: cc-by
TSE-CKAN,candidatos-2010,package_show + resource_download,https://dadosabertos.tse.jus.br/api/3/action/package_show?id=candidatos-2010,2026-09-18T18:16:22.318375+00:00,200,projeto\dados_brutos\tse\Vagas_2010.zip,181121,Vagas,https://cdn.tse.jus.br/estatistica/sead/odsele/consulta_vagas/consulta_vagas_2010.zip,ZIP,Candidatos - 2010 | License: cc-by
TSE-CKAN,resultados-2010,package_show + resource_download,https://dadosabertos.tse.jus.br/api/3/action/package_show?id=resultados-2010,2026-09-18T18:16:22.318375+00:00,200,projeto\dados_brutos\tse\Votação_nominal_por_município_e_zona_2010.zip,132565895,Votação nominal por município e zona,https://cdn.tse.jus.br/estatistica/sead/odsele/votacao_candidato_munzona/votacao_candidato_munzona_2010.zip,ZIP,Resultados - 2010 | License: cc-by
TSE-CKAN,resultados-2010,package_show + resource_download,https://dadosabertos.tse.jus.br/api/3/action/package_show?id=resultados-2010,2026-09-18T18:16:22.318375+00:00,200,projeto\dados_brutos\tse\Votação_em_partido_por_município_e_zona_2010.zip,7875767,Votação em partido por município e zona,https://cdn.tse.jus.br/estatistica/sead/odsele/votacao_partido_munzona/votacao_partido_munzona_2010.zip,ZIP,Resultados - 2010 | License: cc-by
TSE-CKAN,resultados-2010,package_show + resource_download,https://dadosabertos.tse.jus.br/api/3/action/package_show?id=resultados-2010,2026-09-18T18:16:22.318375+00:00,200,projeto\dados_brutos\tse\Detalhe_da_apuração_por_município_e_zona_2010.zip,3354480,Detalhe da apuração por município e zona,https://cdn.tse.jus.br/estatistica/sead/odsele/detalhe_votacao_munzona/detalhe_votacao_munzona_2010.zip,ZIP,Resultados - 2010 | License: cc-by
TSE-CKAN,resultados-2010,package_show + resource_download,https://dadosabertos.tse.jus.br/api/3/action/package_show?id=resultados-2010,2026-09-18T18:16:22.318375+00:00,200,projeto\dados_brutos\tse\Detalhe_da_apuração_por_seção_eleitoral_2010.zip,28114944,Detalhe da apuração por seção eleitoral,https://cdn.tse.jus.br/estatistica/sead/odsele/detalhe_votacao_secao/detalhe_votacao_secao_2010.zip,ZIP,Resultados - 2010 | License: cc-by
TSE-CKAN,resultados-2010,package_show + resource_download,https://dadosabertos.tse.jus.br/api/3/action/package_show?id=resultados-2010,2026-09-18T18:16:22.318375+00:00,200,projeto\dados_brutos\tse\Presidente_-_Votação_por_seção_eleitoral_-_2010_2010.zip,23737900,Presidente - Votação por seção eleitoral - 2010,https://cdn.tse.jus.br/estatistica/sead/odsele/votacao_secao/votacao_secao_2010_BR.zip,ZIP,Resultados - 2010 | License: cc-by
TSE-CKAN,resultados-2010,package_show + resource_download,https://dadosabertos.tse.jus.br/api/3/action/package_show?id=resultados-2010,2026-09-18T18:16:22.318375+00:00,200,projeto\dados_brutos\tse\AC_-_Votação_por_seção_eleitoral_-_2010_2010.zip,2151806,AC - Votação por seção eleitoral - 2010,https://cdn.tse.jus.br/estatistica/sead/odsele/votacao_secao/votacao_secao_2010_AC.zip,ZIP,Resultados - 2010 | License: cc-by
TSE-CKAN,resultados-2010,package_show + resource_download,https://dadosabertos.tse.jus.br/api/3/action/package_show?id=resultados-2010,2026-09-18T18:16:22.318375+00:00,200,projeto\dados_brutos\tse\AL_-_Votação_por_seção_eleitoral_-_2010_2010.zip,5372957,AL - Votação por seção eleitoral - 2010,https://cdn.tse.jus.br/estatistica/sead/odsele/votacao_secao/votacao_secao_2010_AL.zip,ZIP,Resultados - 2010 | License: cc-by
TSE-CKAN,resultados-2010,package_show + resource_download,https://dadosabertos.tse.jus.br/api/3/action/package_show?id=resultados-2010,2026-09-18T18:16:22.318375+00:00,200,projeto\dados_brutos\tse\AP_-_Votação_por_seção_eleitoral_-_2010_2010.zip,2378423,AP - Votação por seção eleitoral - 2010,https://cdn.tse.jus.br/estatistica/sead/odsele/votacao_secao/votacao_secao_2010_AP.zip,ZIP,Resultados - 2010 | License: cc-by
TSE-CKAN,resultados-2010,package_show + resource_download,https://dadosabertos.tse.jus.br/api/3/action/package_show?id=resultados-2010,2026-09-18T18:16:22.318375+00:00,200,projeto\dados_brutos\tse\AM_-_Votação_por_seção_eleitoral_-_2010_2010.zip,6732008,AM - Votação por seção eleitoral - 2010,https://cdn.tse.jus.br/estatistica/sead/odsele/votacao_secao/votacao_secao_2010_AM.zip,ZIP,Resultados - 2010 | License: cc-by
TSE-CKAN,resultados-2010,package_show + resource_download,https://dadosabertos.tse.jus.br/api/3/action/package_show?id=resultados-2010,2026-09-18T18:16:22.318375+00:00,200,projeto\dados_brutos\tse\BA_-_Votação_por_seção_eleitoral_-_2010_2010.zip,35942337,BA - Votação por seção eleitoral - 2010,https://cdn.tse.jus.br/estatistica/sead/odsele/votacao_secao/votacao_secao_2010_BA.zip,ZIP,Resultados - 2010 | License: cc-by
TSE-CKAN,resultados-2010,package_show + resource_download,https://dadosabertos.tse.jus.br/api/3/action/package_show?id=resultados-2010,2026-09-18T18:16:22.318375+00:00,200,projeto\dados_brutos\tse\CE_-_Votação_por_seção_eleitoral_-_2010_2010.zip,20335031,CE - Votação por seção eleitoral - 2010,https://cdn.tse.jus.br/estatistica/sead/odsele/votacao_secao/votacao_secao_2010_CE.zip,ZIP,Resultados - 2010 | License: cc-by
TSE-CKAN,resultados-2010,package_show + resource_download,https://dadosabertos.tse.jus.br/api/3/action/package_show?id=resultados-2010,2026-09-18T18:16:22.318375+00:00,200,projeto\dados_brutos\tse\DF_-_Votação_por_seção_eleitoral_-_2010_2010.zip,14253063,DF - Votação por seção eleitoral - 2010,https://cdn.tse.jus.br/estatistica/sead/odsele/votacao_secao/votacao_secao_2010_DF.zip,ZIP,Resultados - 2010 | License: cc-by
TSE-CKAN,resultados-2010,package_show + resource_download,https://dadosabertos.tse.jus.br/api/3/action/package_show?id=resultados-2010,2026-09-18T18:16:22.318375+00:00,200,projeto\dados_brutos\tse\ES_-_Votação_por_seção_eleitoral_-_2010_2010.zip,7187448,ES - Votação por seção eleitoral - 2010,https://cdn.tse.jus.br/estatistica/sead/odsele/votacao_secao/votacao_secao_2010_ES.zip,ZIP,Resultados - 2010 | License: cc-by
TSE-CKAN,resultados-2010,package_show + resource_download,https://dadosabertos.tse.jus.br/api/3/action/package_show?id=resultados-2010,2026-09-18T18:16:22.318375+00:00,200,projeto\dados_brutos\tse\GO_-_Votação_por_seção_eleitoral_-_2010_2010.zip,14666437,GO - Votação por seção eleitoral - 2010,https://cdn.tse.jus.br/estatistica/sead/odsele/votacao_secao/votacao_secao_2010_GO.zip,ZIP,Resultados - 2010 | License: cc-by
TSE-CKAN,resultados-2010,package_show + resource_download,https://dadosabertos.tse.jus.br/api/3/action/package_show?id=resultados-2010,2026-09-18T18:16:22.318375+00:00,200,projeto\dados_brutos\tse\MA_-_Votação_por_seção_eleitoral_-_2010_2010.zip,13776930,MA - Votação por seção eleitoral - 2010,https://cdn.tse.jus.br/estatistica/sead/odsele/votacao_secao/votacao_secao_2010_MA.zip,ZIP,Resultados - 2010 | License: cc-by
TSE-CKAN,resultados-2010,package_show + resource_download,https://dadosabertos.tse.jus.br/api/3/action/package_show?id=resultados-2010,2026-09-18T18:16:22.318375+00:00,200,projeto\dados_brutos\tse\MT_-_Votação_por_seção_eleitoral_-_2010_2010.zip,4851600,MT - Votação por seção eleitoral - 2010,https://cdn.tse.jus.br/estatistica/sead/odsele/votacao_secao/votacao_secao_2010_MT.zip,ZIP,Resultados - 2010 | License: cc-by
TSE-CKAN,resultados-2010,package_show + resource_download,https://dadosabertos.tse.jus.br/api/3/action/package_show?id=resultados-2010,2026-09-18T18:16:22.318375+00:00,200,projeto\dados_brutos\tse\MS_-_Votação_por_seção_eleitoral_-_2010_2010.zip,4264262,MS - Votação por seção eleitoral - 2010,https://cdn.tse.jus.br/estatistica/sead/odsele/votacao_secao/votacao_secao_2010_MS.zip,ZIP,Resultados - 2010 | License: cc-by
TSE-CKAN,resultados-2010,package_show + resource_download,https://dadosabertos.tse.jus.br/api/3/action/package_show?id=resultados-2010,2026-09-18T18:16:22.318375+00:00,200,projeto\dados_brutos\tse\MG_-_Votação_por_seção_eleitoral_-_2010_2010.zip,50844061,MG - Votação por seção eleitoral - 2010,https://cdn.tse.jus.br/estatistica/sead/odsele/votacao_secao/votacao_secao_2010_MG.zip,ZIP,Resultados - 2010 | License: cc-by
TSE-CKAN,resultados-2010,package_show + resource_download,https://dadosabertos.tse.jus.br/api/3/action/package_show?id=resultados-2010,2026-09-18T18:16:22.318375+00:00,200,projeto\dados_brutos\tse\PA_-_Votação_por_seção_eleitoral_-_2010_2010.zip,16336162,PA - Votação por seção eleitoral - 2010,https://cdn.tse.jus.br/estatistica/sead/odsele/votacao_secao/votacao_secao_2010_PA.zip,ZIP,Resultados - 2010 | License: cc-by
TSE-CKAN,resultados-2010,package_show + resource_download,https://dadosabertos.tse.jus.br/api/3/action/package_show?id=resultados-2010,2026-09-18T18:16:22.318375+00:00,200,projeto\dados_brutos\tse\PB_-_Votação_por_seção_eleitoral_-_2010_2010.zip,7365676,PB - Votação por seção eleitoral - 2010,https://cdn.tse.jus.br/estatistica/sead/odsele/votacao_secao/votacao_secao_2010_PB.zip,ZIP,Resultados - 2010 | License: cc-by
TSE-CKAN,resultados-2010,package_show + resource_download,https://dadosabertos.tse.jus.br/api/3/action/package_show?id=resultados-2010,2026-09-18T18:16:22.318375+00:00,200,projeto\dados_brutos\tse\PR_-_Votação_por_seção_eleitoral_-_2010_2010.zip,26253865,PR - Votação por seção eleitoral - 2010,https://cdn.tse.jus.br/estatistica/sead/odsele/votacao_secao/votacao_secao_2010_PR.zip,ZIP,Resultados - 2010 | License: cc-by
TSE-CKAN,resultados-2010,package_show + resource_download,https://dadosabertos.tse.jus.br/api/3/action/package_show?id=resultados-2010,2026-09-18T18:16:22.318375+00:00,200,projeto\dados_brutos\tse\PE_-_Votação_por_seção_eleitoral_-_2010_2010.zip,21984002,PE - Votação por seção eleitoral - 2010,https://cdn.tse.jus.br/estatistica/sead/odsele/votacao_secao/votacao_secao_2010_PE.zip,ZIP,Resultados - 2010 | License: cc-by
TSE-CKAN,resultados-2010,package_show + resource_download,https://dadosabertos.tse.jus.br/api/3/action/package_show?id=resultados-2010,2026-09-18T18:16:22.318375+00:00,200,projeto\dados_brutos\tse\PI_-_Votação_por_seção_eleitoral_-_2010_2010.zip,5521605,PI - Votação por seção eleitoral - 2010,https://cdn.tse.jus.br/estatistica/sead/odsele/votacao_secao/votacao_secao_2010_PI.zip,ZIP,Resultados - 2010 | License: cc-by
TSE-CKAN,resultados-2010,package_show + resource_download,https://dadosabertos.tse.jus.br/api/3/action/package_show?id=resultados-2010,2026-09-18T18:16:22.318375+00:00,200,projeto\dados_brutos\tse\RJ_-_Votação_por_seção_eleitoral_-_2010_2010.zip,60407808,RJ - Votação por seção eleitoral - 2010,https://cdn.tse.jus.br/estatistica/sead/odsele/votacao_secao/votacao_secao_2010_RJ.zip,ZIP,Resultados - 2010 | License: cc-by
TSE-CKAN,resultados-2010,package_show + resource_download,https://dadosabertos.tse.jus.br/api/3/action/package_show?id=resultados-2010,2026-09-18T18:16:22.318375+00:00,200,projeto\dados_brutos\tse\RN_-_Votação_por_seção_eleitoral_-_2010_2010.zip,4776545,RN - Votação por seção eleitoral - 2010,https://cdn.tse.jus.br/estatistica/sead/odsele/votacao_secao/votacao_secao_2010_RN.zip,ZIP,Resultados - 2010 | License: cc-by
TSE-CKAN,resultados-2010,package_show + resource_download,https://dadosabertos.tse.jus.br/api/3/action/package_show?id=resultados-2010,2026-09-18T18:16:22.318375+00:00,200,projeto\dados_brutos\tse\RS_-_Votação_por_seção_eleitoral_-_2010_2010.zip,32692293,RS - Votação por seção eleitoral - 2010,https://cdn.tse.jus.br/estatistica/sead/odsele/votacao_secao/votacao_secao_2010_RS.zip,ZIP,Resultados - 2010 | License: cc-by
TSE-CKAN,resultados-2010,package_show + resource_download,https://dadosabertos.tse.jus.br/api/3/action/package_show?id=resultados-2010,2026-09-18T18:16:22.318375+00:00,200,projeto\dados_brutos\tse\RO_-_Votação_por_seção_eleitoral_-_2010_2010.zip,3698714,RO - Votação por seção eleitoral - 2010,https://cdn.tse.jus.br/estatistica/sead/odsele/votacao_secao/votacao_secao_2010_RO.zip,ZIP,Resultados - 2010 | License: cc-by
TSE-CKAN,resultados-2010,package_show + resource_download,https://dadosabertos.tse.jus.br/api/3/action/package_show?id=resultados-2010,2026-09-18T18:16:22.318375+00:00,200,projeto\dados_brutos\tse\RR_-_Votação_por_seção_eleitoral_-_2010_2010.zip,2083484,RR - Votação por seção eleitoral - 2010,https://cdn.tse.jus.br/estatistica/sead/odsele/votacao_secao/votacao_secao_2010_RR.zip,ZIP,Resultados - 2010 | License: cc-by
TSE-CKAN,resultados-2010,package_show + resource_download,https://dadosabertos.tse.jus.br/api/3/action/package_show?id=resultados-2010,2026-09-18T18:16:22.318375+00:00,200,projeto\dados_brutos\tse\SC_-_Votação_por_seção_eleitoral_-_2010_2010.zip,12360351,SC - Votação por seção eleitoral - 2010,https://cdn.tse.jus.br/estatistica/sead/odsele/votacao_secao/votacao_secao_2010_SC.zip,ZIP,Resultados - 2010 | License: cc-by
TSE-CKAN,resultados-2010,package_show + resource_download,https://dadosabertos.tse.jus.br/api/3/action/package_show?id=resultados-2010,2026-09-18T18:16:22.318375+00:00,200,projeto\dados_brutos\tse\SP_-_Votação_por_seção_eleitoral_-_2010_2010.zip,160321176,SP - Votação por seção eleitoral - 2010,https://cdn.tse.jus.br/estatistica/sead/odsele/votacao_secao/votacao_secao_2010_SP.zip,ZIP,Resultados - 2010 | License: cc-by
TSE-CKAN,resultados-2010,package_show + resource_download,https://dadosabertos.tse.jus.br/api/3/action/package_show?id=resultados-2010,2026-09-18T18:16:22.318375+00:00,200,projeto\dados_brutos\tse\SE_-_Votação_por_seção_eleitoral_-_2010_2010.zip,3501698,SE - Votação por seção eleitoral - 2010,https://cdn.tse.jus.br/estatistica/sead/odsele/votacao_secao/votacao_secao_2010_SE.zip,ZIP,Resultados - 2010 | License: cc-by
TSE-CKAN,resultados-2010,package_show + resource_download,https://dadosabertos.tse.jus.br/api/3/action/package_show?id=resultados-2010,2026-09-18T18:16:22.318375+00:00,200,projeto\dados_brutos\tse\TO_-_Votação_por_seção_eleitoral_-_2010_2010.zip,2426995,TO - Votação por seção eleitoral - 2010,https://cdn.tse.jus.br/estatistica/sead/odsele/votacao_secao/votacao_secao_2010_TO.zip,ZIP,Resultados - 2010 | License: cc-by
TSE-CKAN,resultados-2010,package_show + resource_download,https://dadosabertos.tse.jus.br/api/3/action/package_show?id=resultados-2010,2026-09-18T18:16:22.318375+00:00,200,projeto\dados_brutos\tse\Exterior_-_Votação_por_seção_eleitoral_-_2010_2010.zip,713278,Exterior - Votação por seção eleitoral - 2010,https://cdn.tse.jus.br/estatistica/sead/odsele/votacao_secao/votacao_secao_2010_ZZ.zip,ZIP,Resultados - 2010 | License: cc-by
TSE-CKAN,resultados-2010,package_show + resource_download,https://dadosabertos.tse.jus.br/api/3/action/package_show?id=resultados-2010,2026-09-18T18:16:22.318375+00:00,200,projeto\dados_brutos\tse\Voto_em_trânsito_-_Votação_por_seção_eleitoral_-_2010_2010.zip,687746,Voto em trânsito - Votação por seção eleitoral - 2010,https://cdn.tse.jus.br/estatistica/sead/odsele/votacao_secao/votacao_secao_2010_VT.zip,ZIP,Resultados - 2010 | License: cc-by
TSE-CKAN,candidatos-2014,package_show + resource_download,https://dadosabertos.tse.jus.br/api/3/action/package_show?id=candidatos-2014,2026-09-18T18:16:22.318375+00:00,200,projeto\dados_brutos\tse\Candidatos_2014.zip,4530527,Candidatos,https://cdn.tse.jus.br/estatistica/sead/odsele/consulta_cand/consulta_cand_2014.zip,ZIP,Candidatos - 2014 | License: cc-by
TSE-CKAN,candidatos-2014,package_show + resource_download,https://dadosabertos.tse.jus.br/api/3/action/package_show?id=candidatos-2014,2026-09-18T18:16:22.318375+00:00,200,projeto\dados_brutos\tse\Bens_de_candidatos_2014.zip,6280980,Bens de candidatos,https://cdn.tse.jus.br/estatistica/sead/odsele/bem_candidato/bem_candidato_2014.zip,ZIP,Candidatos - 2014 | License: cc-by
TSE-CKAN,candidatos-2014,package_show + resource_download,https://dadosabertos.tse.jus.br/api/3/action/package_show?id=candidatos-2014,2026-09-18T18:16:22.318375+00:00,200,projeto\dados_brutos\tse\Coligações_2014.zip,398179,Coligações,https://cdn.tse.jus.br/estatistica/sead/odsele/consulta_coligacao/consulta_coligacao_2014.zip,ZIP,Candidatos - 2014 | License: cc-by
TSE-CKAN,candidatos-2014,package_show + resource_download,https://dadosabertos.tse.jus.br/api/3/action/package_show?id=candidatos-2014,2026-09-18T18:16:22.318375+00:00,200,projeto\dados_brutos\tse\Vagas_2014.zip,184286,Vagas,https://cdn.tse.jus.br/estatistica/sead/odsele/consulta_vagas/consulta_vagas_2014.zip,ZIP,Candidatos - 2014 | License: cc-by
TSE-CKAN,candidatos-2014,package_show + resource_download,https://dadosabertos.tse.jus.br/api/3/action/package_show?id=candidatos-2014,2026-09-18T18:16:22.318375+00:00,200,projeto\dados_brutos\tse\Motivo_da_Cassação_2014.zip,175761,Motivo da Cassação,https://cdn.tse.jus.br/estatistica/sead/odsele/motivo_cassacao/motivo_cassacao_2014.zip,ZIP,Candidatos - 2014 | License: cc-by
TSE-CKAN,resultados-2014,package_show + resource_download,https://dadosabertos.tse.jus.br/api/3/action/package_show?id=resultados-2014,2026-09-18T18:16:22.318375+00:00,200,projeto\dados_brutos\tse\Votação_nominal_por_município_e_zona_2014.zip,494100168,Votação nominal por município e zona,https://cdn.tse.jus.br/estatistica/sead/odsele/votacao_candidato_munzona/votacao_candidato_munzona_2014.zip,ZIP,Resultados - 2014 | License: cc-by
TSE-CKAN,resultados-2014,package_show + resource_download,https://dadosabertos.tse.jus.br/api/3/action/package_show?id=resultados-2014,2026-09-18T18:16:22.318375+00:00,200,projeto\dados_brutos\tse\Votação_em_partido_por_município_e_zona_2014.zip,12141261,Votação em partido por município e zona,https://cdn.tse.jus.br/estatistica/sead/odsele/votacao_partido_munzona/votacao_partido_munzona_2014.zip,ZIP,Resultados - 2014 | License: cc-by
TSE-CKAN,resultados-2014,package_show + resource_download,https://dadosabertos.tse.jus.br/api/3/action/package_show?id=resultados-2014,2026-09-18T18:16:22.318375+00:00,200,projeto\dados_brutos\tse\Detalhe_da_apuração_por_município_e_zona_2014.zip,3937094,Detalhe da apuração por município e zona,https://cdn.tse.jus.br/estatistica/sead/odsele/detalhe_votacao_munzona/detalhe_votacao_munzona_2014.zip,ZIP,Resultados - 2014 | License: cc-by
TSE-CKAN,resultados-2014,package_show + resource_download,https://dadosabertos.tse.jus.br/api/3/action/package_show?id=resultados-2014,2026-09-18T18:16:22.318375+00:00,200,projeto\dados_brutos\tse\Detalhe_da_apuração_por_seção_eleitoral_2014.zip,73594893,Detalhe da apuração por seção eleitoral,https://cdn.tse.jus.br/estatistica/sead/odsele/detalhe_votacao_secao/detalhe_votacao_secao_2014.zip,ZIP,Resultados - 2014 | License: cc-by
TSE-CKAN,resultados-2014,package_show + resource_download,https://dadosabertos.tse.jus.br/api/3/action/package_show?id=resultados-2014,2026-09-18T18:16:22.318375+00:00,200,projeto\dados_brutos\tse\Presidente_-_Votação_por_seção_eleitoral_-_2014_2014.zip,29583546,Presidente - Votação por seção eleitoral - 2014,https://cdn.tse.jus.br/estatistica/sead/odsele/votacao_secao/votacao_secao_2014_BR.zip,ZIP,Resultados - 2014 | License: cc-by
TSE-CKAN,resultados-2014,package_show + resource_download,https://dadosabertos.tse.jus.br/api/3/action/package_show?id=resultados-2014,2026-09-18T18:16:22.318375+00:00,200,projeto\dados_brutos\tse\AC_-_Votação_por_seção_eleitoral_-_2014_2014.zip,3205247,AC - Votação por seção eleitoral - 2014,https://cdn.tse.jus.br/estatistica/sead/odsele/votacao_secao/votacao_secao_2014_AC.zip,ZIP,Resultados - 2014 | License: cc-by
TSE-CKAN,resultados-2014,package_show + resource_download,https://dadosabertos.tse.jus.br/api/3/action/package_show?id=resultados-2014,2026-09-18T18:16:22.318375+00:00,200,projeto\dados_brutos\tse\AL_-_Votação_por_seção_eleitoral_-_2014_2014.zip,5749556,AL - Votação por seção eleitoral - 2014,https://cdn.tse.jus.br/estatistica/sead/odsele/votacao_secao/votacao_secao_2014_AL.zip,ZIP,Resultados - 2014 | License: cc-by
TSE-CKAN,resultados-2014,package_show + resource_download,https://dadosabertos.tse.jus.br/api/3/action/package_show?id=resultados-2014,2026-09-18T18:16:22.318375+00:00,200,projeto\dados_brutos\tse\AP_-_Votação_por_seção_eleitoral_-_2014_2014.zip,3718219,AP - Votação por seção eleitoral - 2014,https://cdn.tse.jus.br/estatistica/sead/odsele/votacao_secao/votacao_secao_2014_AP.zip,ZIP,Resultados - 2014 | License: cc-by
TSE-CKAN,resultados-2014,package_show + resource_download,https://dadosabertos.tse.jus.br/api/3/action/package_show?id=resultados-2014,2026-09-18T18:16:22.318375+00:00,200,projeto\dados_brutos\tse\AM_-_Votação_por_seção_eleitoral_-_2014_2014.zip,12139682,AM - Votação por seção eleitoral - 2014,https://cdn.tse.jus.br/estatistica/sead/odsele/votacao_secao/votacao_secao_2014_AM.zip,ZIP,Resultados - 2014 | License: cc-by
TSE-CKAN,resultados-2014,package_show + resource_download,https://dadosabertos.tse.jus.br/api/3/action/package_show?id=resultados-2014,2026-09-18T18:16:22.318375+00:00,200,projeto\dados_brutos\tse\BA_-_Votação_por_seção_eleitoral_-_2014_2014.zip,37413206,BA - Votação por seção eleitoral - 2014,https://cdn.tse.jus.br/estatistica/sead/odsele/votacao_secao/votacao_secao_2014_BA.zip,ZIP,Resultados - 2014 | License: cc-by
TSE-CKAN,resultados-2014,package_show + resource_download,https://dadosabertos.tse.jus.br/api/3/action/package_show?id=resultados-2014,2026-09-18T18:16:22.318375+00:00,200,projeto\dados_brutos\tse\CE_-_Votação_por_seção_eleitoral_-_2014_2014.zip,24323899,CE - Votação por seção eleitoral - 2014,https://cdn.tse.jus.br/estatistica/sead/odsele/votacao_secao/votacao_secao_2014_CE.zip,ZIP,Resultados - 2014 | License: cc-by
TSE-CKAN,resultados-2014,package_show + resource_download,https://dadosabertos.tse.jus.br/api/3/action/package_show?id=resultados-2014,2026-09-18T18:16:22.318375+00:00,200,projeto\dados_brutos\tse\DF_-_Votação_por_seção_eleitoral_-_2014_2014.zip,18393335,DF - Votação por seção eleitoral - 2014,https://cdn.tse.jus.br/estatistica/sead/odsele/votacao_secao/votacao_secao_2014_DF.zip,ZIP,Resultados - 2014 | License: cc-by
TSE-CKAN,resultados-2014,package_show + resource_download,https://dadosabertos.tse.jus.br/api/3/action/package_show?id=resultados-2014,2026-09-18T18:16:22.318375+00:00,200,projeto\dados_brutos\tse\ES_-_Votação_por_seção_eleitoral_-_2014_2014.zip,9843579,ES - Votação por seção eleitoral - 2014,https://cdn.tse.jus.br/estatistica/sead/odsele/votacao_secao/votacao_secao_2014_ES.zip,ZIP,Resultados - 2014 | License: cc-by
TSE-CKAN,resultados-2014,package_show + resource_download,https://dadosabertos.tse.jus.br/api/3/action/package_show?id=resultados-2014,2026-09-18T18:16:22.318375+00:00,200,projeto\dados_brutos\tse\GO_-_Votação_por_seção_eleitoral_-_2014_2014.zip,15630208,GO - Votação por seção eleitoral - 2014,https://cdn.tse.jus.br/estatistica/sead/odsele/votacao_secao/votacao_secao_2014_GO.zip,ZIP,Resultados - 2014 | License: cc-by
TSE-CKAN,resultados-2014,package_show + resource_download,https://dadosabertos.tse.jus.br/api/3/action/package_show?id=resultados-2014,2026-09-18T18:16:22.318375+00:00,200,projeto\dados_brutos\tse\MA_-_Votação_por_seção_eleitoral_-_2014_2014.zip,15813577,MA - Votação por seção eleitoral - 2014,https://cdn.tse.jus.br/estatistica/sead/odsele/votacao_secao/votacao_secao_2014_MA.zip,ZIP,Resultados - 2014 | License: cc-by
TSE-CKAN,resultados-2014,package_show + resource_download,https://dadosabertos.tse.jus.br/api/3/action/package_show?id=resultados-2014,2026-09-18T18:16:22.318375+00:00,200,projeto\dados_brutos\tse\MT_-_Votação_por_seção_eleitoral_-_2014_2014.zip,5497115,MT - Votação por seção eleitoral - 2014,https://cdn.tse.jus.br/estatistica/sead/odsele/votacao_secao/votacao_secao_2014_MT.zip,ZIP,Resultados - 2014 | License: cc-by
TSE-CKAN,resultados-2014,package_show + resource_download,https://dadosabertos.tse.jus.br/api/3/action/package_show?id=resultados-2014,2026-09-18T18:16:22.318375+00:00,200,projeto\dados_brutos\tse\MS_-_Votação_por_seção_eleitoral_-_2014_2014.zip,7094149,MS - Votação por seção eleitoral - 2014,https://cdn.tse.jus.br/estatistica/sead/odsele/votacao_secao/votacao_secao_2014_MS.zip,ZIP,Resultados - 2014 | License: cc-by
TSE-CKAN,resultados-2014,package_show + resource_download,https://dadosabertos.tse.jus.br/api/3/action/package_show?id=resultados-2014,2026-09-18T18:16:22.318375+00:00,200,projeto\dados_brutos\tse\MG_-_Votação_por_seção_eleitoral_-_2014_2014.zip,56542257,MG - Votação por seção eleitoral - 2014,https://cdn.tse.jus.br/estatistica/sead/odsele/votacao_secao/votacao_secao_2014_MG.zip,ZIP,Resultados - 2014 | License: cc-by
TSE-CKAN,resultados-2014,package_show + resource_download,https://dadosabertos.tse.jus.br/api/3/action/package_show?id=resultados-2014,2026-09-18T18:16:22.318375+00:00,200,projeto\dados_brutos\tse\PA_-_Votação_por_seção_eleitoral_-_2014_2014.zip,20903037,PA - Votação por seção eleitoral - 2014,https://cdn.tse.jus.br/estatistica/sead/odsele/votacao_secao/votacao_secao_2014_PA.zip,ZIP,Resultados - 2014 | License: cc-by
TSE-CKAN,resultados-2014,package_show + resource_download,https://dadosabertos.tse.jus.br/api/3/action/package_show?id=resultados-2014,2026-09-18T18:16:22.318375+00:00,200,projeto\dados_brutos\tse\PB_-_Votação_por_seção_eleitoral_-_2014_2014.zip,8894994,PB - Votação por seção eleitoral - 2014,https://cdn.tse.jus.br/estatistica/sead/odsele/votacao_secao/votacao_secao_2014_PB.zip,ZIP,Resultados - 2014 | License: cc-by
TSE-CKAN,resultados-2014,package_show + resource_download,https://dadosabertos.tse.jus.br/api/3/action/package_show?id=resultados-2014,2026-09-18T18:16:22.318375+00:00,200,projeto\dados_brutos\tse\PR_-_Votação_por_seção_eleitoral_-_2014_2014.zip,29882864,PR - Votação por seção eleitoral - 2014,https://cdn.tse.jus.br/estatistica/sead/odsele/votacao_secao/votacao_secao_2014_PR.zip,ZIP,Resultados - 2014 | License: cc-by
TSE-CKAN,resultados-2014,package_show + resource_download,https://dadosabertos.tse.jus.br/api/3/action/package_show?id=resultados-2014,2026-09-18T18:16:22.318375+00:00,200,projeto\dados_brutos\tse\PE_-_Votação_por_seção_eleitoral_-_2014_2014.zip,20966549,PE - Votação por seção eleitoral - 2014,https://cdn.tse.jus.br/estatistica/sead/odsele/votacao_secao/votacao_secao_2014_PE.zip,ZIP,Resultados - 2014 | License: cc-by
TSE-CKAN,resultados-2014,package_show + resource_download,https://dadosabertos.tse.jus.br/api/3/action/package_show?id=resultados-2014,2026-09-18T18:16:22.318375+00:00,200,projeto\dados_brutos\tse\PI_-_Votação_por_seção_eleitoral_-_2014_2014.zip,5905929,PI - Votação por seção eleitoral - 2014,https://cdn.tse.jus.br/estatistica/sead/odsele/votacao_secao/votacao_secao_2014_PI.zip,ZIP,Resultados - 2014 | License: cc-by
TSE-CKAN,resultados-2014,package_show + resource_download,https://dadosabertos.tse.jus.br/api/3/action/package_show?id=resultados-2014,2026-09-18T18:16:22.318375+00:00,200,projeto\dados_brutos\tse\RJ_-_Votação_por_seção_eleitoral_-_2014_2014.zip,80369773,RJ - Votação por seção eleitoral - 2014,https://cdn.tse.jus.br/estatistica/sead/odsele/votacao_secao/votacao_secao_2014_RJ.zip,ZIP,Resultados - 2014 | License: cc-by
TSE-CKAN,resultados-2014,package_show + resource_download,https://dadosabertos.tse.jus.br/api/3/action/package_show?id=resultados-2014,2026-09-18T18:16:22.318375+00:00,200,projeto\dados_brutos\tse\RN_-_Votação_por_seção_eleitoral_-_2014_2014.zip,5974034,RN - Votação por seção eleitoral - 2014,https://cdn.tse.jus.br/estatistica/sead/odsele/votacao_secao/votacao_secao_2014_RN.zip,ZIP,Resultados - 2014 | License: cc-by
TSE-CKAN,resultados-2014,package_show + resource_download,https://dadosabertos.tse.jus.br/api/3/action/package_show?id=resultados-2014,2026-09-18T18:16:22.318375+00:00,200,projeto\dados_brutos\tse\RS_-_Votação_por_seção_eleitoral_-_2014_2014.zip,38042909,RS - Votação por seção eleitoral - 2014,https://cdn.tse.jus.br/estatistica/sead/odsele/votacao_secao/votacao_secao_2014_RS.zip,ZIP,Resultados - 2014 | License: cc-by
TSE-CKAN,resultados-2014,package_show + resource_download,https://dadosabertos.tse.jus.br/api/3/action/package_show?id=resultados-2014,2026-09-18T18:16:22.318375+00:00,200,projeto\dados_brutos\tse\RO_-_Votação_por_seção_eleitoral_-_2014_2014.zip,4680777,RO - Votação por seção eleitoral - 2014,https://cdn.tse.jus.br/estatistica/sead/odsele/votacao_secao/votacao_secao_2014_RO.zip,ZIP,Resultados - 2014 | License: cc-by
TSE-CKAN,resultados-2014,package_show + resource_download,https://dadosabertos.tse.jus.br/api/3/action/package_show?id=resultados-2014,2026-09-18T18:16:22.318375+00:00,200,projeto\dados_brutos\tse\RR_-_Votação_por_seção_eleitoral_-_2014_2014.zip,2320126,RR - Votação por seção eleitoral - 2014,https://cdn.tse.jus.br/estatistica/sead/odsele/votacao_secao/votacao_secao_2014_RR.zip,ZIP,Resultados - 2014 | License: cc-by
TSE-CKAN,resultados-2014,package_show + resource_download,https://dadosabertos.tse.jus.br/api/3/action/package_show?id=resultados-2014,2026-09-18T18:16:22.318375+00:00,200,projeto\dados_brutos\tse\SC_-_Votação_por_seção_eleitoral_-_2014_2014.zip,14520248,SC - Votação por seção eleitoral - 2014,https://cdn.tse.jus.br/estatistica/sead/odsele/votacao_secao/votacao_secao_2014_SC.zip,ZIP,Resultados - 2014 | License: cc-by
TSE-CKAN,resultados-2014,package_show + resource_download,https://dadosabertos.tse.jus.br/api/3/action/package_show?id=resultados-2014,2026-09-18T18:16:22.318375+00:00,200,projeto\dados_brutos\tse\SP_-_Votação_por_seção_eleitoral_-_2014_2014.zip,176319707,SP - Votação por seção eleitoral - 2014,https://cdn.tse.jus.br/estatistica/sead/odsele/votacao_secao/votacao_secao_2014_SP.zip,ZIP,Resultados - 2014 | License: cc-by
TSE-CKAN,resultados-2014,package_show + resource_download,https://dadosabertos.tse.jus.br/api/3/action/package_show?id=resultados-2014,2026-09-18T18:16:22.318375+00:00,200,projeto\dados_brutos\tse\SE_-_Votação_por_seção_eleitoral_-_2014_2014.zip,3645456,SE - Votação por seção eleitoral - 2014,https://cdn.tse.jus.br/estatistica/sead/odsele/votacao_secao/votacao_secao_2014_SE.zip,ZIP,Resultados - 2014 | License: cc-by
TSE-CKAN,resultados-2014,package_show + resource_download,https://dadosabertos.tse.jus.br/api/3/action/package_show?id=resultados-2014,2026-09-18T18:16:22.318375+00:00,200,projeto\dados_brutos\tse\TO_-_Votação_por_seção_eleitoral_-_2014_2014.zip,2827566,TO - Votação por seção eleitoral - 2014,https://cdn.tse.jus.br/estatistica/sead/odsele/votacao_secao/votacao_secao_2014_TO.zip,ZIP,Resultados - 2014 | License: cc-by
TSE-CKAN,candidatos-2018,package_show + resource_download,https://dadosabertos.tse.jus.br/api/3/action/package_show?id=candidatos-2018,2026-09-18T18:48:53.958008+00:00,200,projeto\dados_brutos\tse\Candidatos_2018.zip,4722704,Candidatos,https://cdn.tse.jus.br/estatistica/sead/odsele/consulta_cand/consulta_cand_2018.zip,ZIP,Candidatos - 2018 | License: cc-by
TSE-CKAN,candidatos-2018,package_show + resource_download,https://dadosabertos.tse.jus.br/api/3/action/package_show?id=candidatos-2018,2026-09-18T18:48:53.958008+00:00,200,projeto/dados_brutos/tse/Candidatos_-_Informacoes_complementares_2018.zip,1814982,Candidatos - Informações complementares,URL: https://cdn.tse.jus.br/estatistica/sead/odsele/consulta_cand_complementar/consulta_cand_complementar_2018.zip,ZIP,Re-downloaded after accidental deletion
TSE-CKAN,candidatos-2018,package_show + resource_download,https://dadosabertos.tse.jus.br/api/3/action/package_show?id=candidatos-2018,2026-09-18T18:48:53.958008+00:00,200,projeto\dados_brutos\tse\Bens_de_candidatos_2018.zip,5098559,Bens de candidatos,https://cdn.tse.jus.br/estatistica/sead/odsele/bem_candidato/bem_candidato_2018.zip,ZIP,Candidatos - 2018 | License: cc-by
TSE-CKAN,candidatos-2018,package_show + resource_download,https://dadosabertos.tse.jus.br/api/3/action/package_show?id=candidatos-2018,2026-09-18T18:48:53.958008+00:00,200,projeto\dados_brutos\tse\Coligações_2018.zip,434393,Coligações,https://cdn.tse.jus.br/estatistica/sead/odsele/consulta_coligacao/consulta_coligacao_2018.zip,ZIP,Candidatos - 2018 | License: cc-by
TSE-CKAN,candidatos-2018,package_show + resource_download,https://dadosabertos.tse.jus.br/api/3/action/package_show?id=candidatos-2018,2026-09-18T18:48:53.958008+00:00,200,projeto\dados_brutos\tse\Vagas_2018.zip,184076,Vagas,https://cdn.tse.jus.br/estatistica/sead/odsele/consulta_vagas/consulta_vagas_2018.zip,ZIP,Candidatos - 2018 | License: cc-by
TSE-CKAN,candidatos-2018,package_show + resource_download,https://dadosabertos.tse.jus.br/api/3/action/package_show?id=candidatos-2018,2026-09-18T18:48:53.958008+00:00,200,projeto\dados_brutos\tse\Motivo_da_cassação_2018.zip,219093,Motivo da cassação,https://cdn.tse.jus.br/estatistica/sead/odsele/motivo_cassacao/motivo_cassacao_2018.zip,ZIP,Candidatos - 2018 | License: cc-by
TSE-CKAN,candidatos-2018,package_show + resource_download,https://dadosabertos.tse.jus.br/api/3/action/package_show?id=candidatos-2018,2026-09-18T18:48:53.958008+00:00,200,projeto\dados_brutos\tse\AC_-_Notas_fiscais_2018.zip,157244,AC - Notas fiscais,https://cdn.tse.jus.br/estatistica/sead/odsele/nota_fiscal_candidato/nota_fiscal_candidato_2018_AC.zip,ZIP,Candidatos - 2018 | License: cc-by
TSE-CKAN,candidatos-2018,package_show + resource_download,https://dadosabertos.tse.jus.br/api/3/action/package_show?id=candidatos-2018,2026-09-18T18:48:53.958008+00:00,200,projeto\dados_brutos\tse\AL_-_Notas_fiscais_2018.zip,119937,AL - Notas fiscais,https://cdn.tse.jus.br/estatistica/sead/odsele/nota_fiscal_candidato/nota_fiscal_candidato_2018_AL.zip,ZIP,Candidatos - 2018 | License: cc-by
TSE-CKAN,candidatos-2018,package_show + resource_download,https://dadosabertos.tse.jus.br/api/3/action/package_show?id=candidatos-2018,2026-09-18T18:48:53.958008+00:00,200,projeto\dados_brutos\tse\AM_-_Notas_fiscais_2018.zip,366507,AM - Notas fiscais,https://cdn.tse.jus.br/estatistica/sead/odsele/nota_fiscal_candidato/nota_fiscal_candidato_2018_AM.zip,ZIP,Candidatos - 2018 | License: cc-by
TSE-CKAN,candidatos-2018,package_show + resource_download,https://dadosabertos.tse.jus.br/api/3/action/package_show?id=candidatos-2018,2026-09-18T18:48:53.958008+00:00,200,projeto\dados_brutos\tse\_AP_-_Notas_fiscais_2018.zip,291078, AP - Notas fiscais,https://cdn.tse.jus.br/estatistica/sead/odsele/nota_fiscal_candidato/nota_fiscal_candidato_2018_AP.zip,ZIP,Candidatos - 2018 | License: cc-by
TSE-CKAN,candidatos-2018,package_show + resource_download,https://dadosabertos.tse.jus.br/api/3/action/package_show?id=candidatos-2018,2026-09-18T18:48:53.958008+00:00,200,projeto\dados_brutos\tse\BA_-_Notas_fiscais_2018.zip,321784,BA - Notas fiscais,https://cdn.tse.jus.br/estatistica/sead/odsele/nota_fiscal_candidato/nota_fiscal_candidato_2018_BA.zip,ZIP,Candidatos - 2018 | License: cc-by
TSE-CKAN,candidatos-2018,package_show + resource_download,https://dadosabertos.tse.jus.br/api/3/action/package_show?id=candidatos-2018,2026-09-18T18:48:53.958008+00:00,200,projeto\dados_brutos\tse\BR_-_Notas_fiscais_2018.zip,38245,BR - Notas fiscais,https://cdn.tse.jus.br/estatistica/sead/odsele/nota_fiscal_candidato/nota_fiscal_candidato_2018_BR.zip,ZIP,Candidatos - 2018 | License: cc-by
TSE-CKAN,candidatos-2018,package_show + resource_download,https://dadosabertos.tse.jus.br/api/3/action/package_show?id=candidatos-2018,2026-09-18T18:48:53.958008+00:00,200,projeto\dados_brutos\tse\CE_-_Notas_fiscais_2018.zip,255207,CE - Notas fiscais,https://cdn.tse.jus.br/estatistica/sead/odsele/nota_fiscal_candidato/nota_fiscal_candidato_2018_CE.zip,ZIP,Candidatos - 2018 | License: cc-by
TSE-CKAN,candidatos-2018,package_show + resource_download,https://dadosabertos.tse.jus.br/api/3/action/package_show?id=candidatos-2018,2026-09-18T18:48:53.958008+00:00,200,projeto\dados_brutos\tse\DF_-_Notas_fiscais_2018.zip,374676,DF - Notas fiscais,https://cdn.tse.jus.br/estatistica/sead/odsele/nota_fiscal_candidato/nota_fiscal_candidato_2018_DF.zip,ZIP,Candidatos - 2018 | License: cc-by
TSE-CKAN,candidatos-2018,package_show + resource_download,https://dadosabertos.tse.jus.br/api/3/action/package_show?id=candidatos-2018,2026-09-18T18:48:53.958008+00:00,200,projeto\dados_brutos\tse\ES_-_Notas_fiscais_2018.zip,296250,ES - Notas fiscais,https://cdn.tse.jus.br/estatistica/sead/odsele/nota_fiscal_candidato/nota_fiscal_candidato_2018_ES.zip,ZIP,Candidatos - 2018 | License: cc-by
TSE-CKAN,candidatos-2018,package_show + resource_download,https://dadosabertos.tse.jus.br/api/3/action/package_show?id=candidatos-2018,2026-09-18T18:48:53.958008+00:00,200,projeto\dados_brutos\tse\GO_-_Notas_fiscais_2018.zip,902687,GO - Notas fiscais,https://cdn.tse.jus.br/estatistica/sead/odsele/nota_fiscal_candidato/nota_fiscal_candidato_2018_GO.zip,ZIP,Candidatos - 2018 | License: cc-by
TSE-CKAN,candidatos-2018,package_show + resource_download,https://dadosabertos.tse.jus.br/api/3/action/package_show?id=candidatos-2018,2026-09-18T18:48:53.958008+00:00,200,projeto\dados_brutos\tse\MA_-_Notas_fiscais_2018.zip,378962,MA - Notas fiscais,https://cdn.tse.jus.br/estatistica/sead/odsele/nota_fiscal_candidato/nota_fiscal_candidato_2018_MA.zip,ZIP,Candidatos - 2018 | License: cc-by
TSE-CKAN,candidatos-2018,package_show + resource_download,https://dadosabertos.tse.jus.br/api/3/action/package_show?id=candidatos-2018,2026-09-18T18:48:53.958008+00:00,200,projeto\dados_brutos\tse\MG_-_Notas_fiscais_2018.zip,448316,MG - Notas fiscais,https://cdn.tse.jus.br/estatistica/sead/odsele/nota_fiscal_candidato/nota_fiscal_candidato_2018_MG.zip,ZIP,Candidatos - 2018 | License: cc-by
TSE-CKAN,candidatos-2018,package_show + resource_download,https://dadosabertos.tse.jus.br/api/3/action/package_show?id=candidatos-2018,2026-09-18T18:48:53.958008+00:00,200,projeto\dados_brutos\tse\MS_-_Notas_fiscais_2018.zip,167922,MS - Notas fiscais,https://cdn.tse.jus.br/estatistica/sead/odsele/nota_fiscal_candidato/nota_fiscal_candidato_2018_MS.zip,ZIP,Candidatos - 2018 | License: cc-by
TSE-CKAN,candidatos-2018,package_show + resource_download,https://dadosabertos.tse.jus.br/api/3/action/package_show?id=candidatos-2018,2026-09-18T18:48:53.958008+00:00,200,projeto\dados_brutos\tse\MT_-_Notas_fiscais_2018.zip,461666,MT - Notas fiscais,https://cdn.tse.jus.br/estatistica/sead/odsele/nota_fiscal_candidato/nota_fiscal_candidato_2018_MT.zip,ZIP,Candidatos - 2018 | License: cc-by
TSE-CKAN,candidatos-2018,package_show + resource_download,https://dadosabertos.tse.jus.br/api/3/action/package_show?id=candidatos-2018,2026-09-18T18:48:53.958008+00:00,200,projeto\dados_brutos\tse\PA_-_Notas_fiscais_2018.zip,231179,PA - Notas fiscais,https://cdn.tse.jus.br/estatistica/sead/odsele/nota_fiscal_candidato/nota_fiscal_candidato_2018_PA.zip,ZIP,Candidatos - 2018 | License: cc-by
TSE-CKAN,candidatos-2018,package_show + resource_download,https://dadosabertos.tse.jus.br/api/3/action/package_show?id=candidatos-2018,2026-09-18T18:48:53.958008+00:00,200,projeto\dados_brutos\tse\PB_-_Notas_fiscais_2018.zip,196345,PB - Notas fiscais,https://cdn.tse.jus.br/estatistica/sead/odsele/nota_fiscal_candidato/nota_fiscal_candidato_2018_PB.zip,ZIP,Candidatos - 2018 | License: cc-by
TSE-CKAN,candidatos-2018,package_show + resource_download,https://dadosabertos.tse.jus.br/api/3/action/package_show?id=candidatos-2018,2026-09-18T18:48:53.958008+00:00,200,projeto\dados_brutos\tse\PE_-_Notas_fiscais_2018.zip,163527,PE - Notas fiscais,https://cdn.tse.jus.br/estatistica/sead/odsele/nota_fiscal_candidato/nota_fiscal_candidato_2018_PE.zip,ZIP,Candidatos - 2018 | License: cc-by
TSE-CKAN,candidatos-2018,package_show + resource_download,https://dadosabertos.tse.jus.br/api/3/action/package_show?id=candidatos-2018,2026-09-18T18:48:53.958008+00:00,200,projeto\dados_brutos\tse\PI_-_Notas_fiscais_2018.zip,315648,PI - Notas fiscais,https://cdn.tse.jus.br/estatistica/sead/odsele/nota_fiscal_candidato/nota_fiscal_candidato_2018_PI.zip,ZIP,Candidatos - 2018 | License: cc-by
TSE-CKAN,candidatos-2018,package_show + resource_download,https://dadosabertos.tse.jus.br/api/3/action/package_show?id=candidatos-2018,2026-09-18T18:48:53.958008+00:00,200,projeto\dados_brutos\tse\PR_-_Notas_fiscais_2018.zip,374007,PR - Notas fiscais,https://cdn.tse.jus.br/estatistica/sead/odsele/nota_fiscal_candidato/nota_fiscal_candidato_2018_PR.zip,ZIP,Candidatos - 2018 | License: cc-by
TSE-CKAN,candidatos-2018,package_show + resource_download,https://dadosabertos.tse.jus.br/api/3/action/package_show?id=candidatos-2018,2026-09-18T18:48:53.958008+00:00,200,projeto\dados_brutos\tse\RJ_-_Notas_fiscais_2018.zip,1123565,RJ - Notas fiscais,https://cdn.tse.jus.br/estatistica/sead/odsele/nota_fiscal_candidato/nota_fiscal_candidato_2018_RJ.zip,ZIP,Candidatos - 2018 | License: cc-by
TSE-CKAN,candidatos-2018,package_show + resource_download,https://dadosabertos.tse.jus.br/api/3/action/package_show?id=candidatos-2018,2026-09-18T18:48:53.958008+00:00,200,projeto\dados_brutos\tse\RN_-_Notas_fiscais_2018.zip,210296,RN - Notas fiscais,https://cdn.tse.jus.br/estatistica/sead/odsele/nota_fiscal_candidato/nota_fiscal_candidato_2018_RN.zip,ZIP,Candidatos - 2018 | License: cc-by
TSE-CKAN,candidatos-2018,package_show + resource_download,https://dadosabertos.tse.jus.br/api/3/action/package_show?id=candidatos-2018,2026-09-18T18:48:53.958008+00:00,200,projeto\dados_brutos\tse\RO_-_Notas_fiscais_2018.zip,69816,RO - Notas fiscais,https://cdn.tse.jus.br/estatistica/sead/odsele/nota_fiscal_candidato/nota_fiscal_candidato_2018_RO.zip,ZIP,Candidatos - 2018 | License: cc-by
TSE-CKAN,candidatos-2018,package_show + resource_download,https://dadosabertos.tse.jus.br/api/3/action/package_show?id=candidatos-2018,2026-09-18T18:48:53.958008+00:00,200,projeto\dados_brutos\tse\RR_-_Notas_fiscais_2018.zip,162064,RR - Notas fiscais,https://cdn.tse.jus.br/estatistica/sead/odsele/nota_fiscal_candidato/nota_fiscal_candidato_2018_RR.zip,ZIP,Candidatos - 2018 | License: cc-by
TSE-CKAN,candidatos-2018,package_show + resource_download,https://dadosabertos.tse.jus.br/api/3/action/package_show?id=candidatos-2018,2026-09-18T18:48:53.958008+00:00,200,projeto\dados_brutos\tse\RS_-_Notas_fiscais_2018.zip,749871,RS - Notas fiscais,https://cdn.tse.jus.br/estatistica/sead/odsele/nota_fiscal_candidato/nota_fiscal_candidato_2018_RS.zip,ZIP,Candidatos - 2018 | License: cc-by
TSE-CKAN,candidatos-2018,package_show + resource_download,https://dadosabertos.tse.jus.br/api/3/action/package_show?id=candidatos-2018,2026-09-18T18:48:53.958008+00:00,200,projeto\dados_brutos\tse\SC_-_Notas_fiscais_2018.zip,392042,SC - Notas fiscais,https://cdn.tse.jus.br/estatistica/sead/odsele/nota_fiscal_candidato/nota_fiscal_candidato_2018_SC.zip,ZIP,Candidatos - 2018 | License: cc-by
TSE-CKAN,candidatos-2018,package_show + resource_download,https://dadosabertos.tse.jus.br/api/3/action/package_show?id=candidatos-2018,2026-09-18T18:48:53.958008+00:00,200,projeto\dados_brutos\tse\SE_-_Notas_fiscais_2018.zip,280967,SE - Notas fiscais,https://cdn.tse.jus.br/estatistica/sead/odsele/nota_fiscal_candidato/nota_fiscal_candidato_2018_SE.zip,ZIP,Candidatos - 2018 | License: cc-by
TSE-CKAN,candidatos-2018,package_show + resource_download,https://dadosabertos.tse.jus.br/api/3/action/package_show?id=candidatos-2018,2026-09-18T18:48:53.958008+00:00,200,projeto\dados_brutos\tse\SP_-_Notas_fiscais_2018.zip,1939507,SP - Notas fiscais,https://cdn.tse.jus.br/estatistica/sead/odsele/nota_fiscal_candidato/nota_fiscal_candidato_2018_SP.zip,ZIP,Candidatos - 2018 | License: cc-by
TSE-CKAN,candidatos-2018,package_show + resource_download,https://dadosabertos.tse.jus.br/api/3/action/package_show?id=candidatos-2018,2026-09-18T18:48:53.958008+00:00,200,projeto\dados_brutos\tse\TO_-_Notas_fiscais_2018.zip,178428,TO - Notas fiscais,https://cdn.tse.jus.br/estatistica/sead/odsele/nota_fiscal_candidato/nota_fiscal_candidato_2018_TO.zip,ZIP,Candidatos - 2018 | License: cc-by
TSE-CKAN,candidatos-2022,package_show + resource_download,https://dadosabertos.tse.jus.br/api/3/action/package_show?id=candidatos-2022,2026-09-18T19:21:57.423609+00:00,200,projeto\dados_brutos\tse\Candidatos_2022.zip,4388287,Candidatos,https://cdn.tse.jus.br/estatistica/sead/odsele/consulta_cand/consulta_cand_2022.zip,ZIP,License: cc-by
TSE-CKAN,candidatos-2022,package_show + resource_download,https://dadosabertos.tse.jus.br/api/3/action/package_show?id=candidatos-2022,2026-09-18T19:21:57.423609+00:00,200,projeto\dados_brutos\tse\Candidatos_-_Informações_complementares_2022.zip,1703866,Candidatos - Informações complementares,https://cdn.tse.jus.br/estatistica/sead/odsele/consulta_cand_complementar/consulta_cand_complementar_2022.zip,ZIP,License: cc-by
TSE-CKAN,candidatos-2022,package_show + resource_download,https://dadosabertos.tse.jus.br/api/3/action/package_show?id=candidatos-2022,2026-09-18T19:21:57.423609+00:00,200,projeto\dados_brutos\tse\Bens_de_candidatos_2022.zip,5389130,Bens de candidatos,https://cdn.tse.jus.br/estatistica/sead/odsele/bem_candidato/bem_candidato_2022.zip,ZIP,License: cc-by
TSE-CKAN,candidatos-2022,package_show + resource_download,https://dadosabertos.tse.jus.br/api/3/action/package_show?id=candidatos-2022,2026-09-18T19:21:57.423609+00:00,200,projeto\dados_brutos\tse\Coligações_2022.zip,373260,Coligações,https://cdn.tse.jus.br/estatistica/sead/odsele/consulta_coligacao/consulta_coligacao_2022.zip,ZIP,License: cc-by
TSE-CKAN,candidatos-2022,package_show + resource_download,https://dadosabertos.tse.jus.br/api/3/action/package_show?id=candidatos-2022,2026-09-18T19:21:57.423609+00:00,200,projeto\dados_brutos\tse\Vagas_2022.zip,184008,Vagas,https://cdn.tse.jus.br/estatistica/sead/odsele/consulta_vagas/consulta_vagas_2022.zip,ZIP,License: cc-by
TSE-CKAN,resultados-2022,package_show + resource_download,https://dadosabertos.tse.jus.br/api/3/action/package_show?id=resultados-2022,2026-09-18T19:21:57.423609+00:00,200,projeto\dados_brutos\tse\BR_-_Histórico_totalização_Presidente_1º_Turno_-_2022_2022.zip,1625754,BR - Histórico totalização Presidente 1º Turno - 2022,https://cdn.tse.jus.br/estatistica/sead/eleicoes/eleicoes2022/Historico_Totalizacao_Presidente_BR_1T_2022.zip,ZIP,License: cc-by
TSE-CKAN,resultados-2022,package_show + resource_download,https://dadosabertos.tse.jus.br/api/3/action/package_show?id=resultados-2022,2026-09-18T19:21:57.423609+00:00,200,projeto\dados_brutos\tse\BR_-_Histórico_totalização_Presidente_2º_Turno_-_2022_2022.zip,825276,BR - Histórico totalização Presidente 2º Turno - 2022,https://cdn.tse.jus.br/estatistica/sead/eleicoes/eleicoes2022/Historico_Totalizacao_Presidente_BR_2T_2022.zip,ZIP,License: cc-by
TSE-CKAN,resultados-2022,package_show + resource_download,https://dadosabertos.tse.jus.br/api/3/action/package_show?id=resultados-2022,2026-09-18T19:21:57.423609+00:00,200,projeto\dados_brutos\tse\Votação_nominal_por_município_e_zona_2022.zip,595315430,Votação nominal por município e zona,https://cdn.tse.jus.br/estatistica/sead/odsele/votacao_candidato_munzona/votacao_candidato_munzona_2022.zip,ZIP,License: cc-by
TSE-CKAN,resultados-2022,package_show + resource_download,https://dadosabertos.tse.jus.br/api/3/action/package_show?id=resultados-2022,2026-09-18T19:21:57.423609+00:00,200,projeto\dados_brutos\tse\Votação_em_partido_por_município_e_zona__2022.zip,25145799,Votação em partido por município e zona ,https://cdn.tse.jus.br/estatistica/sead/odsele/votacao_partido_munzona/votacao_partido_munzona_2022.zip,ZIP,License: cc-by
TSE-CKAN,resultados-2022,package_show + resource_download,https://dadosabertos.tse.jus.br/api/3/action/package_show?id=resultados-2022,2026-09-18T19:21:57.423609+00:00,200,projeto\dados_brutos\tse\Detalhe_da_apuração_por_município_e_zona_2022.zip,4415808,Detalhe da apuração por município e zona,https://cdn.tse.jus.br/estatistica/sead/odsele/detalhe_votacao_munzona/detalhe_votacao_munzona_2022.zip,ZIP,License: cc-by
TSE-CKAN,candidatos-2018,package_show + resource_download,https://dadosabertos.tse.jus.br/api/3/action/package_show?id=candidatos-2018,2026-09-18T19:29:19.165833+00:00,200,projeto/dados_brutos/tse/Candidatos_-_Informacoes_complementares_2018.zip,1814982,Candidatos - Informações complementares,URL: https://cdn.tse.jus.br/estatistica/sead/odsele/consulta_cand_complementar/consulta_cand_complementar_2018.zip,ZIP,Re-downloaded after accidental deletion
TSE-CKAN,resultados-2010,package_show + resource_download,https://dadosabertos.tse.jus.br/api/3/action/package_show?id=resultados-2010,2026-09-18T19:29:19.165833+00:00,200,projeto\dados_brutos\tse\RN_-_Votação_por_seção_eleitoral_-_2010_2010.zip,4776545,RN - Votação por seção eleitoral - 2010,https://cdn.tse.jus.br/estatistica/sead/odsele/votacao_secao/votacao_secao_2010_RN.zip,ZIP,License: cc-by
TSE-CKAN,resultados-2010,package_show + resource_download,https://dadosabertos.tse.jus.br/api/3/action/package_show?id=resultados-2010,2026-09-18T19:29:19.165833+00:00,200,projeto\dados_brutos\tse\RS_-_Votação_por_seção_eleitoral_-_2010_2010.zip,32692293,RS - Votação por seção eleitoral - 2010,https://cdn.tse.jus.br/estatistica/sead/odsele/votacao_secao/votacao_secao_2010_RS.zip,ZIP,License: cc-by
TSE-CKAN,resultados-2010,package_show + resource_download,https://dadosabertos.tse.jus.br/api/3/action/package_show?id=resultados-2010,2026-09-18T19:29:19.165833+00:00,200,projeto\dados_brutos\tse\RO_-_Votação_por_seção_eleitoral_-_2010_2010.zip,3698714,RO - Votação por seção eleitoral - 2010,https://cdn.tse.jus.br/estatistica/sead/odsele/votacao_secao/votacao_secao_2010_RO.zip,ZIP,License: cc-by
TSE-CKAN,resultados-2010,package_show + resource_download,https://dadosabertos.tse.jus.br/api/3/action/package_show?id=resultados-2010,2026-09-18T19:29:19.165833+00:00,200,projeto\dados_brutos\tse\RR_-_Votação_por_seção_eleitoral_-_2010_2010.zip,2083484,RR - Votação por seção eleitoral - 2010,https://cdn.tse.jus.br/estatistica/sead/odsele/votacao_secao/votacao_secao_2010_RR.zip,ZIP,License: cc-by
TSE-CKAN,resultados-2010,package_show + resource_download,https://dadosabertos.tse.jus.br/api/3/action/package_show?id=resultados-2010,2026-09-18T19:29:19.165833+00:00,200,projeto\dados_brutos\tse\SC_-_Votação_por_seção_eleitoral_-_2010_2010.zip,12360351,SC - Votação por seção eleitoral - 2010,https://cdn.tse.jus.br/estatistica/sead/odsele/votacao_secao/votacao_secao_2010_SC.zip,ZIP,License: cc-by
TSE-CKAN,resultados-2010,package_show + resource_download,https://dadosabertos.tse.jus.br/api/3/action/package_show?id=resultados-2010,2026-09-18T19:29:19.165833+00:00,200,projeto\dados_brutos\tse\SP_-_Votação_por_seção_eleitoral_-_2010_2010.zip,160321176,SP - Votação por seção eleitoral - 2010,https://cdn.tse.jus.br/estatistica/sead/odsele/votacao_secao/votacao_secao_2010_SP.zip,ZIP,License: cc-by
TSE-CKAN,resultados-2010,package_show + resource_download,https://dadosabertos.tse.jus.br/api/3/action/package_show?id=resultados-2010,2026-09-18T19:29:19.165833+00:00,200,projeto\dados_brutos\tse\SE_-_Votação_por_seção_eleitoral_-_2010_2010.zip,3501698,SE - Votação por seção eleitoral - 2010,https://cdn.tse.jus.br/estatistica/sead/odsele/votacao_secao/votacao_secao_2010_SE.zip,ZIP,License: cc-by
TSE-CKAN,resultados-2010,package_show + resource_download,https://dadosabertos.tse.jus.br/api/3/action/package_show?id=resultados-2010,2026-09-18T19:29:19.165833+00:00,200,projeto\dados_brutos\tse\TO_-_Votação_por_seção_eleitoral_-_2010_2010.zip,2426995,TO - Votação por seção eleitoral - 2010,https://cdn.tse.jus.br/estatistica/sead/odsele/votacao_secao/votacao_secao_2010_TO.zip,ZIP,License: cc-by
